word,success,wrong_guesses,repeated_guesses,num_steps,guesses_seq
marmar,1,2,0,6,a n l r m
janet,0,6,0,11,a l n e m r s d t p
dentistical,1,4,0,14,s e r t i n c o a l p m d
troveless,0,6,0,13,s e r a i o b n p t l m
unnotify,0,6,0,11,a s e i n t o g c l
gastrostenosis,0,6,0,15,s i t e r n p c a o m b h d
preaffiliation,0,6,0,15,s a t i n l c r b p m e d g
obpyriform,0,6,0,11,s a e o n r i m l u
veratrinize,1,4,0,13,s a t e i r n c v d l z
protection,1,2,0,11,s a e r o n t i p c
guileless,0,6,0,11,s e r a u l b p c q
phototactic,1,1,0,9,s a t i c p o h
triloculate,1,3,0,13,s a t e i n c o h r u l
trustee,0,6,0,10,a s e h p c t i o
sextole,0,6,0,12,a s e r n t o l p b c
wusp,0,6,0,9,a s t e u h c m
shawled,0,6,0,13,a l e r t s n d b c h g
cressed,1,2,0,8,a s e r d b c
always,0,6,0,10,a t l n i r c s e
guato,0,6,0,9,a s r l n t e i
undazzling,0,6,0,13,s a t n g l i u h r c b
timbromaniac,0,6,0,15,s a n t i c o l d r m e p u
unstraightforward,0,6,0,15,s t e i a n r o c d l m p v
bodleian,0,6,0,10,a n s i c r p u t
catechesis,1,4,0,12,s i a r l n t e d c h
atrebates,0,6,0,12,s a t i e r n l m d c
drate,0,6,0,11,a s r t e p u c b o
upcrowd,0,6,0,10,a s e u n r i o l
johnin,0,6,0,10,a s e u o n i c p
ventripyramid,0,6,0,17,s a l n c e t i o d r p h m v u
demency,0,6,0,9,a s e r n o i t
muskroot,0,6,0,11,a s e i o t p c u h
inframammary,0,6,0,11,s a t l n r e i o c
observandum,0,6,0,15,s t e r a n i c p g o d u l
poulard,0,6,0,11,a t r i e s o m p n
rotaman,0,6,0,11,a n s u m p c t d b
totonac,1,5,0,11,a n l p r t i c e o
eulamellibranchia,1,5,0,17,s a t l n e i c o d r h p b m u
brolga,0,6,0,9,a s c p r i e u
sleb,0,6,0,10,a s e r t n d l y
comic,0,6,0,8,a s e u o r n
dullity,0,6,0,10,a s e u n l o i c
annotatory,1,3,0,10,s a t i e r n o y
cephalanthous,1,4,0,16,s e r n i t a o l d m c p h u
nongraduated,1,5,0,15,s a n t e r l c d i o g m u
thokish,0,6,0,12,a s t e i o h r n l m
uncensuring,1,4,0,13,s e i n t a o c g u l r
eluviation,0,6,0,13,s a t i n o p c r u m b
marcellian,1,4,0,13,s a l n t r i e m d v c
periodicalist,1,3,0,15,s e t r o n m p u l i c a d
bafta,0,6,0,9,a l n r t m c p
cingular,1,3,0,12,a n i e o t l c r g u
isobarometric,0,6,0,15,s t e i c o n r l m u p g d
tonelessly,0,6,0,12,s e t i o m c h p n u
rebaptize,0,6,0,11,s a n t i c p o d l
sentition,1,1,0,8,s t i o n u e
presternum,1,5,0,14,s t e r a i o y u n l m p
mirak,0,6,0,10,a l n s r t m e c
gynandromorphous,1,4,0,17,s a n t e c i p o g d r h u m y
memoir,0,6,0,9,a s e r t d l n
inobnoxious,0,6,0,11,s a u o n r l m p t
commorant,1,4,0,12,s a t n c o v r u l m
widdendream,0,6,0,11,s a l n e t c r p b
cometic,1,5,0,12,a s e r n t i c o l m
costophrenic,1,4,0,15,s t i a o n c r u l m p e h
radially,0,6,0,11,a l y c n t r s b m
jumma,0,6,0,9,a s u n r l t b
analysis,1,5,0,12,a n r l e i o c s u y
murmuration,0,6,0,14,s a t i n o c p r m b d e
bandboxical,0,6,0,14,s a l r c n e t i g o d m
circumhorizontal,0,6,0,18,s a t n l c o h r e i u p d z g b
unrubbish,1,5,0,13,s e t i a h o r p b u n
roquelaure,0,6,0,13,s a l r e i o n u m g c
flaxseed,0,6,0,12,a t l n r s u i e d b
carcinolytic,1,2,0,12,s a l e t i n c o y r
pachyglossate,1,4,0,16,s e p a l t n r c o h i y b g
crackable,1,4,0,12,s a l e b c h r t i k
unbuoyed,0,6,0,12,a s e r n d i o t u l
adinole,1,3,0,11,a n t i e g d o r l
glossopalatinus,0,6,0,14,s i t c n p h e a u m r b
palaeosophy,1,3,0,12,s e t a i c h o y p l
afterglow,0,6,0,12,s a t i e r o p n u m
apoplastogamous,1,5,0,15,s e t i a r l n c o u m p g
guaiol,0,6,0,11,a r s n l t c g o b
utriculoplastic,1,2,0,13,s t i n c o r a h u l p
agral,1,0,0,5,a l g r
nictitation,1,1,0,8,s a t i n o c
proficiently,0,6,0,16,s a e r i o n t h u y l p d m
quaternity,0,6,0,14,s a t e r u n q b c d f g
unoppignorated,1,3,0,15,s a l t e r n d i o u m p g
foreact,0,6,0,11,a t s p n r c u m i
cholecystenterorrhaphy,1,1,0,14,c o n r e a t l h i y s p
rivery,0,6,0,10,a s e r o b i t n
pauropodous,0,6,0,13,s a n r o u p m l c t g
kelpie,0,6,0,8,a s e r n d t
imbirussu,0,6,0,9,s e i n t c a o
unfaint,0,6,0,12,a t s n u h i g c e d
oviculated,0,6,0,15,s a l r n c t i e p d u m b
cyanosed,0,6,0,13,a t l n s p i e r c d h
punitionally,1,2,0,12,s a l i o y t n p e u
tinamine,1,3,0,10,a t i n e l r b m
aristocraticalness,0,6,0,16,s t i e a r l o c v d y m k p
propodeum,0,6,0,12,s a e r o p y n d l t
delightingly,0,6,0,15,s a e r n i t c o d g l y u
pectase,1,1,0,8,a t n s c e p
cheka,0,6,0,10,a s u p i c o h j
dermasurgery,0,6,0,15,s t e r a i o m y p d u v n
librarian,0,6,0,10,s a n r p c u m t
begotten,0,6,0,10,a s e r n t d l m
outlay,0,6,0,10,a n l r s b p t c
distilled,1,2,0,9,s t i l e r n d
pelisse,1,5,0,11,a s t p e r n d l i
foredeserved,0,6,0,11,s e r n p d c a u t
trifoliolate,0,6,0,14,s a t e i n c o r m l d z
easer,0,6,0,10,a l n r t e g c m
benumbedness,0,6,0,11,s e d r n t i g a o
evidentiary,0,6,0,15,s a t r i o c n e d y l m x
chromosome,0,6,0,13,s i e t u a p c o h r n
bisulphate,1,5,0,16,s t e a i h c p u m d r b n l
unvoyaging,0,6,0,13,s a t n g i d e o r u c
underpossessor,1,5,0,14,s t p i e c u n h o r g d
stichometric,1,2,0,12,s t e i n c o r h l m
uncapably,0,6,0,14,s a n l e i y t c r u b m
carposperm,1,3,0,12,s e r a i o t m c h p
guanidopropionic,0,6,0,15,s a t c n e i p o u h r l f
dolichoglossus,0,6,0,14,s p c a o n r u l i h b m
vorticose,0,6,0,14,s e a u c o r i t b d f g
mart,0,6,0,10,a t s n c p m b d
embrocate,0,6,0,14,s a t e n l r o d m p c i
ichthyophobia,0,6,0,14,s a p o r i n c h t l m d
wakamba,0,6,0,8,a n t l r g c
cocash,0,6,0,9,a t n r l s p m
rearrange,1,3,0,9,s a l r n e t g
kaid,0,6,0,8,a t n l r c b
yn,0,6,0,7,a p u o e b
electrophysiology,1,4,0,17,s t i e n a o r l u m p h c g y
harshweed,0,6,0,13,s e d o p a t i c h r l
sufferableness,0,6,0,15,s e t r i a l h c u n m b p
becassocked,0,6,0,11,s e r t n d i c h p
palaverment,1,4,0,14,s a l t n r e m c p b d v
reaward,0,6,0,10,a l r i e o t y m
slinkiness,0,6,0,11,s e i n t d g h c m
schizoidism,0,6,0,13,s e i t c n a o h u m l
overfold,0,6,0,13,a s e r o n l v d c i t
evocatively,1,4,0,14,s a t i n l e r o y c d v
skeletin,0,6,0,13,a s e r d n t i m l h p
electrotitration,1,2,0,12,s a t i e n r o d l c
chiefdom,0,6,0,8,a s e r n t l
federal,0,6,0,12,a n l s c p r d e t m
hippotigris,0,6,0,11,s a u e i n c t o d
nonaxiomatic,0,6,0,14,s a l t n i c o r m b d g
cubitodigital,0,6,0,13,s a l c o n r h u m t p
simia,0,6,0,10,a s t i n d c l v
perciformes,0,6,0,15,s a u e n r i c t o p d m l
pretreat,1,3,0,9,a n l r o e t p
pewmate,0,6,0,12,a t e r s n d l m p o
heiresshood,0,6,0,13,s e r p t i h o n u l m
fermentatively,0,6,0,17,s a t i c n p o d l e r y v m h
salivan,0,6,0,11,a n t l e i c m p r
overstudied,1,5,0,15,s t i e r a o n h l d m v u
pilori,0,6,0,9,a s e u o n r c
chervil,0,6,0,13,a s e r i c n t o l h m
cordeliere,0,6,0,13,s a e r n p c d t l o v
herrenvolk,0,6,0,11,s a e r n t i g o p
temperament,1,5,0,13,s a t i e r n l d c m p
actinodromous,1,5,0,17,s e u p o n r c a h t i m g b d
hypersuperlative,0,6,0,18,s t i a c n p h e r o v m y u d b
dowerless,0,6,0,11,s e l t r f n p c a
vainly,0,6,0,11,a l e y t r c s i p
canossa,0,6,0,10,a l n e t g i s p
deglaciation,0,6,0,16,s a t i n r p c u m d e l o b
quintupliribbed,0,6,0,16,s a e r i n t c o d p l u m v
galeproof,0,6,0,13,s a n l e r i o m p u c
triethylamine,1,3,0,14,s a t i e r o h y l n b m
topectomy,0,6,0,10,s a e r n t i o l
misdeem,1,5,0,11,a s e p t m i b c d
cerebropedal,0,6,0,15,s a l c o r n e t m d p u g
dextran,1,5,0,13,a n s m i p e r t c d x
substitutionally,1,4,0,15,s t i n e a l o y h u r p b
hemometry,0,6,0,13,s a e r o i t m y p d c
setness,0,6,0,10,a s e r n o u i d
teasel,1,5,0,11,a r s t o i e n d l
uncramp,1,4,0,12,a t r c m e i p s u n
circumstantiable,1,3,0,16,s t i n c o a l e h r u b p m
polycormic,0,6,0,13,s a e o n r t i c m p u
pyotoxinemia,0,6,0,14,s a p o n t e r l m u c g
unrebated,0,6,0,14,s a l t e r n d u m c p x
unbiasable,0,6,0,14,s e t p i r c a n l u g d
irani,0,6,0,10,a s r t n e g d c
amblyomma,0,6,0,9,s a n r l i e t
spitted,1,3,0,10,a s e r t p d o i
oversusceptible,1,3,0,16,s t i c a o n r l e p m v u b
jobmonger,0,6,0,9,s a e r p t c u
dipody,0,6,0,8,a s e u o n r
khvat,0,6,0,9,a l n s r t b u
physiqued,0,6,0,12,s e r t a o p h i c n
hulu,0,6,0,8,a s e u r p f
meliorant,1,3,0,13,s a t n c e r d m l i o
evincive,0,6,0,10,a s e r n t d i l
tumtum,0,6,0,9,a s e u n l t r
clathrinidae,1,3,0,14,s a l n c t e i o r m d h
hugeously,0,6,0,9,s e r i d t p c
sward,0,6,0,10,a s l t n r e y i
thallogenic,0,6,0,16,s a t r l y e i n o c m h v p
petrolic,1,4,0,13,a s e r i t d o n c p l
versette,0,6,0,11,a s t e p r m d c h
nonterritoriality,1,2,0,12,s a t i e r o h l y n
laceleaf,0,6,0,10,a n l t r c s b m
parode,0,6,0,11,a l n r e i m p t g
cagn,0,6,0,9,a t n i r d f p
sphyrnidae,0,6,0,16,s t e i a c h o y l p n m d g
merchandiser,1,3,0,14,s i t a c l p n e r h d m
insinuating,0,6,0,13,s t i n e g a c d f r m
luxemburgian,0,6,0,14,s a l i e r n o y d t m p
volley,0,6,0,8,a s e r n d t
unpitiably,1,5,0,15,s a l e i o p y c t u b m n
proseuche,1,4,0,13,s e r c h i a o p n x u
ambassadress,0,6,0,10,s t p c i e u a l
latterness,1,5,0,13,s e r l u i a t m d v n
phagocytolysis,0,6,0,15,s a t i e l n c r p b m h d
struthiones,1,1,0,11,s e i t o r n a h u
tolylenediamine,1,3,0,14,s a n t e r i o l d b y m
tuatara,0,6,0,10,a l t r i h e o w
speleology,0,6,0,10,s t e r n d l i a
presley,0,6,0,12,a s e r t d n l c p m
ramified,0,6,0,11,a n l t r s m i c o
quadrumanal,0,6,0,11,s a t l n c r e i o
coimplicant,1,5,0,15,s a t c o n r u l m i e b p
pyralis,0,6,0,13,a t n l e i c s p h r o
epruinose,0,6,0,14,s e c r a i n t o d m p l
manipular,0,6,0,14,s a n t i c l r o d p m e
fangled,0,6,0,12,a l e r t n d h c p m
deferrize,0,6,0,11,s a e r i n t d l v
antemarital,1,1,0,10,s a l t i e r n m
profligation,1,5,0,16,s a t i n o r u p l c g b d f
sadhe,0,6,0,9,a l n r t s i u
crumblet,0,6,0,13,a s e r o n i l u t m p
camestres,1,3,0,11,s i a m t e h r p c
mantra,1,3,0,9,a t i r n p c m
conjoinedly,0,6,0,15,s a e r n t c d i o l y g f
aclinal,1,4,0,10,a n r l i b g p c
amalgamate,0,6,0,12,s a l t i e r n c m y
nutritional,1,4,0,13,s a l c p t i n o r e u
northeaster,0,6,0,13,s t i e r p c a u h m d
sowlike,0,6,0,10,a s e t i u n z c
craniopharyngeal,1,4,0,17,s a t l n e c g i r o u m p h y
unimpressibly,0,6,0,14,s e t i n c a o l y d p h
inaudible,0,6,0,13,s a n t l i e r c b m p
reapproach,0,6,0,12,s a t r l n c o h b m
cabob,0,6,0,8,a l n r t s m
anaconda,0,6,0,11,a n t l r c o g i e
inwick,0,6,0,9,a s e u o i n d
subpubic,0,6,0,11,a s e i t c o u l n
nebularization,0,6,0,15,s a t i n e r d l c m o p x
pharmacopsychology,1,5,0,17,s t e p h i o n a r m u l c g y
cyrtopia,0,6,0,13,a s c i o l m h e t r n
lienculus,0,6,0,12,s a e n t p c o h u m
tuck,0,6,0,8,a s e u n r l
becuiba,0,6,0,11,a s p c i h t u m d
rufflike,0,6,0,9,a s e i t n p c
gratulation,0,6,0,15,s a n t i e o r h u p l c b
disgustful,0,6,0,12,s i e t u n l o p h m
microcrystallogeny,1,5,0,19,s t i n e a c o l h g r d u f p m y
bavian,0,6,0,9,a n r l c t m s
petrification,1,5,0,16,s a t i c n p o r l d e v m f
antiseption,1,3,0,12,s t i a n e o r c x p
stakemaster,0,6,0,13,s i t e r a l n m c b d
weatherhead,0,6,0,11,s a n t i e r l c p
unglosed,1,3,0,12,a s e r n o c l d u g
draggy,0,6,0,9,a r n t c e b p
ectoblast,1,5,0,14,s e t i a r o n u l p b c
ensue,0,6,0,10,a s e t h m p n c
yaguaza,0,6,0,8,a n r l t m c
obduracy,0,6,0,10,a t r s l n p c i
grow,0,6,0,9,a s e u o r n p
lying,0,6,0,8,a s e u o i t
splintery,1,4,0,14,s t i e r p n d a o y h l
kitchenward,0,6,0,16,s a t e r i o n h m c y d g p
accentuator,0,6,0,14,s a l t i e r n c h o w y
gloomy,0,6,0,9,a s e u o r l d
traveldom,1,5,0,15,s a n t r c e d i o l m b v
redbird,0,6,0,11,a s e r o n i t d l
hyporadiolus,0,6,0,13,s a n r p e t l c u b m
underchancellor,1,5,0,16,s a t l e r i o n d u y m c h
ingaevonic,0,6,0,12,s a t n i c l r b g m
niccoliferous,0,6,0,16,s e n r i o c t l v u d z m g
warbled,0,6,0,13,a l e r t s m b g n d p
ceroplast,1,5,0,15,s e t r a i o n p h l m d c
heatlike,0,6,0,13,a t e i r n c h v l d s
rosular,1,2,0,9,a n l r o u t s
cochlear,1,5,0,13,a n l r p i u s c o e h
theron,0,6,0,12,a s e r i o n t b c d
dramalogue,0,6,0,13,s a n t c l e i o r u p
arciform,0,6,0,13,a n t l r e i o c y m s
monopetalae,1,5,0,14,s a r p l t n c b m i e o
thermoperiodicity,1,4,0,16,s a p h e r i n c o t y m l d
mandrake,0,6,0,11,a l n g t s d b r c
semology,0,6,0,12,a s e r l i o n u m p
lipoferous,0,6,0,12,s u a o n p d r c m t
atrichosis,1,1,0,10,s i a n t c o h r
anneslia,0,6,0,12,a n o e r s t i h m p
cobbra,0,6,0,11,a s c o r n u l m p
osteogenesis,0,6,0,12,s o t r n u l m p i c
caulotaxy,0,6,0,11,s a l t r n c b p m
genyophrynidae,0,6,0,14,s a l n t e i g o r u m c
login,0,6,0,9,a s e u o r n c
zoeform,0,6,0,10,a s e r i n l o t
corollary,0,6,0,10,s a t r o n i e m
chlamydobacteriaceae,1,4,0,18,a t n l r c s e b m i o p u y h d
presurvey,0,6,0,10,s e t r n d a l c
aedilian,0,6,0,11,a n r t l i u c s b
tubik,0,6,0,8,a s e u n r l
entosphere,1,2,0,11,s t i e a h r n p o
hydrofluate,0,6,0,14,s a t e c p r o n l u m b
regather,0,6,0,12,a t e r h n l m d c s
discoplacenta,1,2,0,14,s t i e a c o n r m l p d
chivalrousness,1,5,0,18,s e u o a n r t p c h i l m d z v
gasless,0,6,0,11,a l i e s p c m r b
spiraculum,0,6,0,15,s t e i n l y a r o c u m h
undeliberative,0,6,0,17,s a t i n c o e r d v l u z m g
stereobatic,0,6,0,14,s t e r o m i n c u l p g
gaviiformes,0,6,0,14,s a n r i o e t c l m p d
derived,1,4,0,10,a s e r i d n t v
flagellated,0,6,0,12,s a l t e d c n r b p
aspen,0,6,0,11,a n r l t c s i e h
preinvent,0,6,0,12,s a e r n t g d p c o
sachamaker,0,6,0,14,s t e r i a c m k b d f g
spectroscopic,1,4,0,13,s e t i a o n c r m l p
arctogaeal,1,5,0,14,s a l n t i e r o m c p g
respondency,0,6,0,14,s t e i r n a o g d c h u
gadroon,0,6,0,11,a l n t r i e o p c
consort,1,5,0,12,a s e i t p c o n u r
plumelike,0,6,0,10,s a e r n p i t h
aniseikonia,0,6,0,13,s t e r n i c a o l d z
paintedness,1,3,0,12,s e n d u p h r a t i
cochliodus,0,6,0,13,s u a o n r m p l c i e
disintegration,1,3,0,14,s t i e n r a o p d c u g
calmierer,0,6,0,13,s a n l e r i p c t o d
faunally,0,6,0,11,a l y c n p m r i b
archeion,1,4,0,13,a n t r i o e y m u c h
nance,1,4,0,9,a l n t d e g c
expellee,0,6,0,9,a s e r n d l t
treasonable,1,4,0,14,s t e h i u c a l o r n b
triboluminescence,0,6,0,18,s t i n e c a o r l y u m d z f p
crevice,0,6,0,9,a s e r n l p d
unresistedly,1,2,0,13,s i t e r n d a o u l y
superciliousness,1,3,0,14,s e t r i n c a o u l m p
prehumiliation,1,2,0,15,s a t i p n h e o y r l u m
planktologist,0,6,0,16,s e t i o a n p r l m c d g u
camerina,1,4,0,12,a r n t l c s i b m e
clave,0,6,0,10,a s r l n t c b m
orca,0,6,0,10,a p u s t i c o n
actability,0,6,0,10,s a t i e r o h n
lubricational,1,4,0,15,s a n l t e i o y u r c p b
synodus,0,6,0,11,a s e i o t n r u m
coumarate,1,5,0,14,s a r t i e p c o n u l m
hoodshyness,0,6,0,9,s t e p c i u a
prolongably,1,5,0,15,s a l e i o n p y h r t g b
agrammatical,1,5,0,14,s a l n t r i c b p m e g
sulphopropionic,1,4,0,15,s t e i n c o r u l a y p h
vender,0,6,0,11,a s e r d n m b c f
unshuddering,0,6,0,14,s t e n i u r l a g m p b
desiccant,1,3,0,12,s t i n p c a u m d e
trolly,0,6,0,9,a s e u o r p n
nonascetic,0,6,0,13,s t e i c p a u m d b r
parallelotropism,1,2,0,13,s e t r a n i l o c m p
mildly,0,6,0,8,a s e u o i n
recalibration,0,6,0,16,s a n t i c p o d l m u r e g
resistable,1,0,0,9,s t i e r l b a
merychippus,1,3,0,14,s a u o p c h t m e r i y
substrate,0,6,0,13,s e i h t o a c u r n p
bassoon,0,6,0,11,a l n t r s o c p m
teated,1,4,0,9,a r s n l t e d
untentaculate,1,3,0,11,s a t i e n l r c u
amphichrom,1,5,0,14,s a t n l r e i c o m p h
ionidium,0,6,0,11,a s e i n c t o d l
gelose,0,6,0,10,a s t e r n d l i
azotous,0,6,0,12,a n l r t e i o u s c
resuppression,1,2,0,11,s i p e n h r o m u
episcopalism,1,5,0,15,s t e r i h c o n u m l p a
tarea,0,6,0,10,a l n r m c t f i
instructively,1,4,0,16,s t i n c v a b d e r l y o u
graduator,0,6,0,10,s a l r n t c e b
stanley,0,6,0,13,a l e r t s d n m c p o
myringomycosis,0,6,0,15,s a p i c n e t o r u m g b
cloudlessness,0,6,0,13,s e n l a p i y o r u b
unfallible,0,6,0,14,s a t n l i e b f c d g h
shackling,1,5,0,15,s t e i n g h l u a r c o k
battik,0,6,0,10,a l n r t e i c s
bushy,0,6,0,11,a s e u t h y m q c
confinable,0,6,0,15,s a l e b u p i n c o t d g
codhead,0,6,0,11,a n l r t s c h o b
trochoidally,0,6,0,16,s a l i e y c o p u t h r n m
pennaceous,1,1,0,10,s u a c o e r n p
confervaceous,0,6,0,16,s e r a c o n t i g d u m v k
strychnic,1,5,0,14,s t e i c o a h r l y m n
tangentiality,1,4,0,13,s a n t e i r o h l y g
phenomenology,0,6,0,9,s a c e r n t i
torchless,1,5,0,14,s e a t i r o y m u c h l
recook,0,6,0,9,a s e r n l t d
leaderless,1,1,0,8,s e r n l d a
circumumbilical,0,6,0,11,s a l e i n c o h t
mugwumpism,0,6,0,12,s e t i m a o p u n l
nonswearing,0,6,0,15,s t e r a i c n o g h m p l
sky,0,6,0,8,a u p e o s i
deliberateness,0,6,0,16,s e n r a t d g l i v c z m p
mitigatory,0,6,0,14,s a t i o n r e c m y l d
barehanded,0,6,0,13,s a t r e b c n d l m p
centralist,1,3,0,13,s e t i a l r n p m d c
oxyether,0,6,0,10,a s e r n t u p c
interseminal,1,1,0,11,s t e r n a l d m i
premisal,0,6,0,13,a n l c p r o e x s d t
paramese,1,4,0,11,a t n r p l s c e m
ossetish,1,3,0,10,a s t i e u h p o
parentheses,1,2,0,11,s p i h e r n o t a
unembarrassment,1,4,0,14,s e r n t d a l m i u p b
confirmingly,0,6,0,14,s a e c o n i t d g l y v
treasurable,1,3,0,12,s t e h i u n r a l b
purposivistic,0,6,0,14,s e i c p h r t o n a d l
furnacite,1,4,0,14,s a n r t i e c p u q b f
nailprint,0,6,0,12,s a n t l e i y o u d
aspidobranchia,1,4,0,16,s e t h i n c a o r p u g d b
swirl,0,6,0,10,a s e t o i n l h
recruitment,0,6,0,13,s a e n t r i h d o m p
nemertini,1,5,0,12,s a e r o i t n d l m
piper,1,3,0,8,a s e r p o i
dissatisfy,0,6,0,11,s t i e h c u p a m
evangelization,0,6,0,15,s a t i n c e r d l g o m p
poluphloisboiotatotic,0,6,0,17,s t i c a p e h o n r l y m u w
podomancy,0,6,0,11,s a l t n c e o h r
thishow,0,6,0,11,a s e i t o n r l u
ovarin,0,6,0,11,a r i c s n u p t m
ismal,1,4,0,10,a l s o t u i h m
intraduodenal,1,5,0,16,s a l t r n c b m p u i d e o
vassalry,0,6,0,11,a l i t c s u e y p
unfluted,0,6,0,12,a s e r n d i o u t g
conclusional,1,2,0,11,s e t c o n a l i u
acronymic,0,6,0,12,s a t n l e c o i g d
electroosmotic,1,4,0,14,s t i e a o n c r d l h m
morrowtide,0,6,0,10,s a e p i t c n b
glucosidically,0,6,0,16,s t e i l a y o u n c b d p f
concatenation,1,2,0,10,s a n t i p c o e
fucate,0,6,0,12,a t e u r m l s n c q
abigail,0,6,0,11,a r l n t c b i s m
encinillo,1,4,0,11,s a e r n i c t o l
ungloriously,0,6,0,13,s i o u n t e a c g h m
drupelet,0,6,0,11,a s e r o d i n t y
unsensory,0,6,0,10,s i e t p c u h a
aphelenchus,1,4,0,14,s a n i t e l c r o h p u
eucosmidae,1,5,0,15,s t e a r n i d l m c o x u
tragicose,0,6,0,13,s e a t n l r c b m p d
interdepend,0,6,0,13,s a e r n t i g o d l m
pronpl,0,6,0,10,a s e u o r p h i
immunogenic,0,6,0,12,s a e r n c t i o l d
unfledgedness,0,6,0,12,s e n t r a d i g o c
amaga,0,6,0,8,a l r p t n c
archelenis,0,6,0,13,s u e r a o i t d n y m
brustle,1,4,0,12,a s e i u b q t r h l
bibliographize,0,6,0,16,s a t n l e i c r d o b p h v
ectocuniform,1,5,0,16,s a e n t o r i m u c l d z f
scutulated,1,5,0,14,s t e r i a o h n c l d u
choledoch,0,6,0,10,s a e r n d i o p
pessimum,1,5,0,12,a s e p u l n t i r m
winegrower,0,6,0,12,s a e r i o n v t p m
annelida,1,3,0,10,a n o e r s d l i
whatness,0,6,0,11,a t e s b f p c u r
sulphurization,1,5,0,18,s t i n a c e o h y u l r m d p z
monistical,1,4,0,14,s t e i a l c r p u m o n
anaspidacea,1,5,0,14,s t e r d i a l n m c h p
approximatively,0,6,0,18,s a l t e i n y r o c m b d p v g
scopidae,1,5,0,14,a n l r s t e i p c o m d
spondylocladium,1,3,0,16,s t e i n c o a d l p v m u y
turningness,0,6,0,13,s e a u n i o g q c p b
wisecrack,0,6,0,12,s t e n r a l c o h u
mincer,0,6,0,9,a s e r p t d o
tryphosa,1,4,0,13,a s u p e h c i t o r y
unbowing,0,6,0,12,a s e i n g t o u r c
heaving,0,6,0,11,a l r n i g s t m c
puffery,0,6,0,10,a s e r o i u n l
lenitiveness,0,6,0,13,s e r n t i c v p m d h
shutter,0,6,0,12,a s e r t i u p b c d
cyanate,0,6,0,12,a l r s t e p n o c h
phascogale,1,5,0,15,s t e i a p h c o l r m n g
dishwiping,0,6,0,13,s t i d c n e a o g h l
thicketful,0,6,0,13,s a e r n l p c t i h o
nitrosification,1,5,0,15,s t e i n o c a r d l v m f
whatreck,0,6,0,13,a t e s r n p c o h i u
politicalism,1,4,0,14,s e t o i n c h a m r l p
pulsimeter,1,4,0,14,s t e r m o i n p h a l u
antheia,0,6,0,12,a n t e h l r m d c s
corin,1,4,0,10,a s e u o r i c n
armchaired,0,6,0,13,s a t n r e o i d y m p
unsupplicated,1,1,0,13,s t i a e p r n l d c u
bleakly,0,6,0,12,a t n l y b i e g p c
derah,0,6,0,11,a l n s r t m d e y
titubancy,0,6,0,11,s a l t n e i o r h
mejorana,0,6,0,12,a c t s r m e n b d l
halibuter,0,6,0,13,s a n l e r i c t o d p
nereid,1,4,0,10,a s e r n d l o i
malacophonous,1,2,0,13,s e u p o h r c a l m n
juniority,0,6,0,12,s a e c p i n t o r h
preobligate,0,6,0,15,s a t e r n p l i d c m o u
fusilier,0,6,0,12,a s e r i p c t u n d
frecklish,0,6,0,13,s e r t a n p l c i o u
haloa,0,6,0,9,a l p m e s v w
stupe,0,6,0,10,a s e i t r o h y
tanghan,0,6,0,10,a n g m r l p c i
unsuggestive,0,6,0,13,s e c t i p u n l r m b
nitrolime,0,6,0,14,s a e i n c t o r l v d z
dactylioglyphtic,0,6,0,16,s a l e i n c o h y p r t m u
ripieno,0,6,0,12,a s e r o i n t d c l
oversour,0,6,0,11,a s e o r n p t l m
wrasse,0,6,0,11,a r n t c e g l s p
pseudoparenchymatous,1,2,0,17,a t i e r s n o d g c h y u m p
verderership,0,6,0,12,s t e r i n c a o d l
noninstrumental,1,1,0,13,s t a i e r n o l y m u
thlingchadinne,0,6,0,15,s a t e r i n o g l u h b m
proximal,0,6,0,13,a n l c p r o d u m s t
unplacid,0,6,0,13,a l r e c o h t u n i s
belgravian,0,6,0,11,s a n r m u t l c p
timefulness,0,6,0,14,s e r n u f l i a b c d g
microscopic,1,5,0,13,s e i c o r t m n l d p
fishyard,0,6,0,11,a t r e i l s m o c
shockingly,1,4,0,15,s t e i n g l y c h a o r k
metier,0,6,0,10,a s e r d t h b g
enbrave,0,6,0,11,a t r c n e l g o d
forejudge,0,6,0,10,s a e r n c p d t
epithalamion,1,5,0,16,s a t n l r c p b i o h m u e
unapplied,0,6,0,12,s a n t l e r c d b m
opsiometer,1,4,0,13,s t e r i c n a p o l m
posthetomy,0,6,0,13,s t i o r e n l m a p u
ropedancing,1,5,0,16,s a n e t i c p g u r o l m d
ticker,0,6,0,11,a s e r p t i n l g
cloghad,0,6,0,11,a n l e o s r t c m
january,0,6,0,9,a t r s i d c e
wineglassful,0,6,0,13,s e r t p c a n i m l h
carbuncle,0,6,0,12,s a n i t r e o g c y
tiphia,1,5,0,11,a s c p e o h u t i
negativer,0,6,0,14,s a n t e r i c l d v m p
circumcorneal,1,5,0,16,s a l c o h r e t i u n b x m
lifelessly,0,6,0,12,s e t l i a y n v c d
stunpoll,0,6,0,13,a s e i o t u n r l c g
neurone,0,6,0,11,a s e r i t o n d p
intrapsychic,1,3,0,14,s e t a p i n c h r o u y
lethocerus,0,6,0,15,s u a o p r d n c t e h m v
elementarily,1,4,0,14,s a t n r e i c d o l y m
ecardinal,1,5,0,14,s a n l t c r i o m d u e
denazify,0,6,0,11,a t n l r c s d i o
unconceited,1,4,0,13,s a e n t c r d o u x i
myoplastic,0,6,0,16,s i c t a p r u h m e o l b n
impingent,0,6,0,11,s a e r n t c p u d
underbutler,0,6,0,13,s a e r i u n t d c h o
unforwarded,0,6,0,14,s a t r e n d i g o u c m
yamanai,0,6,0,9,a n t l r c s b
coglorify,0,6,0,12,s a e c o r n i t l d
deparliament,1,4,0,15,s a t l n c r p b m u i e d
nassau,0,6,0,10,a n t s l r c b m
spatterdock,1,4,0,15,s t e r a c o h i u k m p d
lactucin,0,6,0,13,a n r l t i e o h y u s
middorsal,0,6,0,13,s e i o l n c t a d u p
hoverly,0,6,0,12,a s e r i o n l y p m
superstitionless,1,3,0,14,s t i n e o h c u l r m p
parathion,1,2,0,11,s a n l r t i h o p
pasturer,1,3,0,11,a n l t e r u c p s
ureterocele,0,6,0,12,s a e r i o n t p l m
overslavish,0,6,0,13,s t i p e c u a m h r b
sonlikeness,0,6,0,11,s e t n i d c v g u
affinitatively,0,6,0,14,s a t i n c l e y r b m d
prioracy,0,6,0,12,a t r e i n l c o h u
thistled,1,4,0,12,a s t i r w e n d h l
untransacted,1,1,0,11,s e r n t i a d u c
foddering,1,5,0,14,s a e r i n g p d o b c f
orderable,1,5,0,13,s a l e r p b t u c d o
parorexia,0,6,0,10,s a l n r e d t c
centrifugalize,0,6,0,14,s a t i n c o l d r p v m
marguerite,0,6,0,14,s a t e r i o m y u c b d
mainpernable,1,5,0,15,s a l i e n t c g d b p m r
propliopithecus,1,4,0,16,s e r a o n l t m p d c i h u
postdiagnostic,0,6,0,16,s t i n c a p e r o h u l g w
jarvey,0,6,0,10,a l n r e t m c b
maytide,1,4,0,12,a l n t e i m y b c d
oystershell,0,6,0,11,s i a t e r n p c d
raptatory,0,6,0,12,s a n r t e o i y c l
pollinar,1,3,0,11,a n l t s c r p i o
impeccant,1,3,0,12,s a t n c p u m i o e
unpermitting,0,6,0,15,s a e r i n t g d u c m v k
tinworker,0,6,0,10,s a e r o d c u p
horseman,0,6,0,14,a n s e m p u r o b c d f
loaf,0,6,0,9,a n t l m e d r
phylogerontism,1,3,0,17,s e r i t a o p h y c n m l v g
screw,0,6,0,11,a s e r t c b d f g
flong,0,6,0,9,a s e u o r l c
bloodleaf,0,6,0,10,s a n l e i t y r
nonstatistical,0,6,0,13,s t i a l p c u m d b r
glossotherium,0,6,0,16,s a o p n r i c t e d l m h b
theologicopolitical,1,5,0,16,s a l e i c o p t r n h m d g
cherishing,1,4,0,13,s e r a o t p i c n g h
polinices,1,5,0,14,s a e o n t r g i c m p l
wondrousness,0,6,0,14,s e u o n t i g a c d r p
juxtatropical,0,6,0,16,s a l t i e r o p c u n q b f
fascioliasis,0,6,0,13,s t i c n a o r m p l b
flabelliform,0,6,0,15,s a t l e i n c o r m b p u
apotropaic,1,5,0,13,s a t r n l e i c o m p
melanilin,0,6,0,12,s a n e t i r d c l p
monogenist,1,4,0,13,s e t r i m o n l v p g
uncrystaled,1,3,0,15,s e r t i a n l d o u g c y
scybalum,0,6,0,12,a l e i o s t y u n r
cathartolinum,1,5,0,17,s a n t e i o g c d r l h f u m
jynginae,0,6,0,11,a n o e i d s p c t
knit,0,6,0,8,a s e u o i p
watchmanship,0,6,0,16,s t i a e n o c h l d p r m b
howadji,0,6,0,8,a t n l r s e
reproachingly,1,3,0,16,s a t l e r i n y c h o g d p
bemole,0,6,0,8,a s e r n d t
matral,1,3,0,9,a n l r t p c m
pretense,1,2,0,9,a s e p r n d t
telemechanic,1,3,0,13,s a l e r n t d i c h m
equiexcellency,0,6,0,9,s a p c o h e r
acidness,0,6,0,13,a n t i e r s l o b d m
contusive,1,2,0,12,s i n a e p t c o v u
gaumish,0,6,0,11,a l n t r c s i h d
kraft,0,6,0,10,a s r t n c i p e
volumometrical,0,6,0,17,s a l e r i o y n t c u m p h b
interdrink,0,6,0,13,s a e r i n t o g d c f
wealthiness,0,6,0,15,s e r n t i l h p d c m a v
acicularly,0,6,0,13,s a l e i n o c y b u g
platypodia,0,6,0,11,s a n r c p h l t e
pothook,0,6,0,8,a s e u i o n
diamondwise,0,6,0,12,s t e p u i n c a l r
misassert,1,4,0,12,s t p i e n r u m o a
recrystallization,0,6,0,17,s t i n a l p c o h e r m d u v
rabelaisianism,1,3,0,13,s e r t i a l c h m n b
sedition,1,3,0,11,a s e r l n d i t o
pelomedusidae,1,4,0,15,s e r t n d l i a y o p m u
paraparesis,1,1,0,8,s p r e o a i
sanctifier,0,6,0,13,s t i c n a d o l v m p
jennifer,0,6,0,11,a s e r n t i c v d
shotless,1,5,0,12,a s e o r n u m l t h
tracheobronchitis,1,5,0,17,s e n r a t l i c d h o p u g b
maspiter,1,4,0,13,a n l t i r c e s m h p
perorator,1,2,0,9,s a l t e r o p
octandria,1,5,0,14,s a l r t o n e i g u c d
clipei,0,6,0,8,a s e r n d t
gemmiferous,0,6,0,13,s a u o p r e t n f b d
photoreception,0,6,0,15,s a p h e o r n i l t d m v
disparagement,1,5,0,17,s t i e h c p r a n l d m b v g
upvomit,0,6,0,10,a s e u n r t i b
uninterrogated,1,5,0,16,s a l t e r i o n d u m p c g
fullmouth,0,6,0,7,s a e c p i
evangeliarium,0,6,0,15,s a t r e n o i c d l g m p
pattener,0,6,0,12,a n e r t b c d f g h
pomposity,0,6,0,11,s i n a t e o r u l
unserrated,1,0,0,9,s t e r n a d u
afternoons,0,6,0,14,s u e r a t i o n c l p x
usnic,1,1,0,7,a s i n c u
ergotamine,0,6,0,15,s a t n i e r o l m c d p h
roughshod,0,6,0,9,s i e a u t n p
separatical,1,3,0,13,s t e r i n c a l m d p
nongremial,1,4,0,14,s a l c t p i m o n e g r
cornic,1,5,0,11,a s e u o n i l c r
uranophotography,1,4,0,15,s a l t r n e i o p h y u g
condisciple,1,5,0,15,s e t c o n a i d l b g f p
cabassou,0,6,0,9,a t n r l s i e
cervix,0,6,0,11,a s e r i n c d t o
locomobility,1,3,0,12,s a e c o l i t y m b
sexagesimals,0,6,0,13,s e n t r i c a l m d p
submedian,0,6,0,15,s t e r n a m i y h c u d l
processionalist,1,0,0,12,s i o n t c e a p r l
fichteanism,1,5,0,16,s t i a n c e h p u m d b r f
spikeweed,0,6,0,11,s t e r n i d l c v
exoenzyme,0,6,0,9,s a e t r n d i
typeset,0,6,0,11,a s e n r p c d t o
necessity,1,4,0,12,s e c i n t o a r h y
disclimax,0,6,0,13,s t e i c n a l r b m p
whyness,0,6,0,12,a s e u p n i f h y b
sexivalence,0,6,0,13,s t e r n d l a c m p o
squinting,1,5,0,13,s t i n e a o c g h u q
snowlike,0,6,0,13,a s e i t l u h n g o c
deiparous,0,6,0,15,s a r o b p c u t m d e x n
lobcock,0,6,0,8,a s e u i o n
supervisorial,0,6,0,16,s e t n r i c a l h u m p o d
cerebrocardiac,0,6,0,14,s a l c t r e i o d p u g
calicut,1,4,0,11,a l i s c o h e t u
sphericist,1,1,0,10,s e t r u i c h p
substitute,1,5,0,12,s t i e a h u n r p b
corporator,0,6,0,12,s a l r m t e i o c d
undernatural,1,5,0,14,s a l t i r p c e u n g d
anywhen,0,6,0,10,a n i r e t g o d
shivaism,0,6,0,10,a l r t n c s i e
triterpene,0,6,0,12,s a e r i n t m d v c
untravestied,1,5,0,16,s e t r a n l d h u c m b v i
spinigrade,0,6,0,14,s t e i a n c l o d m p v
cuke,0,6,0,9,a s e p i u l t
snerp,0,6,0,10,a s e r t d i o y
resisting,0,6,0,13,s e m t i n g p d c h v
eurite,0,6,0,11,a s e n r i t d p o
predeterminative,1,2,0,13,s a t i e r n d c p v m
mulctative,0,6,0,15,s a t i n c p o d l m e v b
colander,1,5,0,14,a t n e r d m i s p c o l
asexualize,0,6,0,12,s t i n c a o e r l d
autoallogamy,0,6,0,13,s a l t e i n r y o m c
olcha,0,6,0,11,a s u p i c l h b f
pneumographic,1,4,0,17,s a t r c p h e n d l m i o u g
loathsomely,0,6,0,11,s e t i r p c a n u
patinate,1,1,0,8,a l n t i e p
glaucium,0,6,0,11,a t l n r s e i c o
twatchel,0,6,0,11,a t e r i o n h s d
apopetalous,1,5,0,14,s a t r l e i n y o m p u
centrode,0,6,0,12,a s e r i d t g n p m
burfish,0,6,0,12,a s t e i h u n r c d
moonfish,0,6,0,11,a s e i t h p o l b
begarnish,0,6,0,15,s e t r i n h b d l a m c p
bulimulidae,0,6,0,11,s a l e i c n t p o
erinose,1,2,0,9,a s t e r i n o
apollonia,0,6,0,11,s a n l t r c i b e
anhungry,0,6,0,11,a n e t i g o r d c
harridan,0,6,0,11,a n r m b e i c p t
pecky,0,6,0,8,a s e r n l d
pointillism,1,5,0,14,s t i c n a p o e l h u m
pampootee,0,6,0,10,s a n l t i e r c
conferruminate,0,6,0,16,s a t e l r i o n c y d m g v
flightily,0,6,0,9,s a e c p i t n
plantaginaceous,1,4,0,17,s e r c a n t l d m p b g i o u
meridionality,1,3,0,15,s a t i e n r o h l y d p m
bardesanist,1,5,0,15,s e t p c i u a l n r m d b
bustee,1,5,0,11,a s e t j p c u q b
antephialtic,1,4,0,14,s a t i e n r c d l m p h
calochortaceae,0,6,0,13,s a l e i y o n r m t p
nootka,0,6,0,8,a s c p r i e
unquit,0,6,0,10,a s e u n r l t o
unify,0,6,0,10,a s e u n o i c t
stob,0,6,0,10,a s e t y u i o n
lexigraphical,0,6,0,15,s a n r l e t c d m p h i o
doublelunged,1,5,0,14,s a e r d i n o l u t g b
ultragrave,0,6,0,11,s a n r t l c b p m
procerebral,0,6,0,14,s a l c o r e p t d u g n
feuar,0,6,0,10,a l n s r h i e d
superinsist,1,5,0,14,s t i e h c o u n r l m p
saccharocolloid,1,3,0,13,s t e i c o n a r l d h
unbowsome,0,6,0,12,s i e t a u n o r l c
clogdogdo,0,6,0,9,s a e c o n r u
tenuity,0,6,0,10,a s e r n i d l p
dykereeve,0,6,0,9,s a e p r c u t
pupuluca,0,6,0,10,a s c p h e r o i
footmaker,0,6,0,12,s a l t n r m e i p c
disjunctively,0,6,0,15,s t i n c a o e r m l y h p
istrian,1,0,0,7,a n s t i r
bewilderedly,0,6,0,13,s a e r n d i o l y t p
tringle,0,6,0,10,a s e p c i t o v
currishly,1,4,0,13,s i t h a o e y l c r u
gyroplane,0,6,0,14,s a t r e o n p h l b c d
oxane,0,6,0,10,a s r l n g i e p
astrocaryum,1,5,0,15,s t e o n r i a m y l p c u
preindebtedness,0,6,0,15,s e r n t a g d p o u i c x
backchat,0,6,0,11,a n l t r c h i p m
eva,0,6,0,8,a s u t o r i
pollucite,0,6,0,11,s a e i t r o n m g
frostiness,0,6,0,12,s e t i n c w p a u m
overminutely,1,5,0,17,s a e n p r i t c d m l o y v u
remonstratively,1,2,0,15,s t i a n r o e d l y c v m
formonitrile,0,6,0,13,s a e c t i p u r o n d
requiter,0,6,0,11,a s e r t n o u b c
cuculliform,0,6,0,12,s a e c o l i n r t y
unsubstantiation,1,4,0,13,s e t i a c n u o r p b
brookless,0,6,0,11,s e a t p i c r o n
vlei,0,6,0,9,a s e r n l c m
oncetta,0,6,0,11,a s p c i u e r n d
illustratory,1,4,0,14,s t i e o n r a c d l y u
labyrinthodon,0,6,0,16,s a t i l r n e o c b h m u p
labyrinth,0,6,0,15,s a n t i e r l o h c b u p
cannibality,0,6,0,14,s a n t e i r o h l c y m
unstick,0,6,0,13,a s e i n t g c o h u r
groose,0,6,0,10,a s t e o c p u m
electroshock,0,6,0,13,s e t i a o n r l u m p
wanty,0,6,0,11,a l n e t o y b p c
oscillograph,0,6,0,16,s t e i n c a l y r o b p h u
platinocyanic,0,6,0,13,s a l n t e i c h b u r
retool,1,4,0,10,a s e r n l t i o
retransformation,0,6,0,16,s t i e a n h o r c m p l w u
notiosorex,0,6,0,14,s e r c n t i a d l m o p
quaw,0,6,0,8,a n t l r c s
bichromate,1,5,0,16,s a t e c o r n p u m d b i h
corps,0,6,0,9,a s u e o n l t
clutchman,0,6,0,13,s a n i m e p o c h t r
denunciable,1,5,0,15,s a l e r n t i d g o b c u
macadamization,1,4,0,14,s a l t r i n c m o b d z
sender,1,5,0,11,a s e r l m n t g d
coadjutator,0,6,0,11,s a l n t i e r c b
hystricine,0,6,0,14,s t i o c n e p a u r m d
paulinia,0,6,0,12,a r l e i t c n b p g
urao,0,6,0,9,a n t l r b c s
parmese,1,4,0,11,a l n t r e s f m p
basidia,0,6,0,8,a l n t r m c
hairmonger,0,6,0,15,s a t l n e r i o c d g m p
cathodography,0,6,0,15,s a l n t i e r o c p h y m
quantify,1,5,0,14,a t i n c p u q y b d e f
ugroid,0,6,0,10,a s e u n l r i c
echinoderma,0,6,0,15,s a p c o n r h u m l i t g
lingually,0,6,0,13,s a l i e n o t y g r h
byerlite,0,6,0,11,a s e r o i p c t u
sturdy,0,6,0,11,a s e t i o y u m g
plaitless,0,6,0,12,s e a l n r c k t b u
runover,0,6,0,11,a s e r i o l t n m
aquilege,0,6,0,11,a n t l o i e r c s
battak,0,6,0,10,a n l r t c s b m
lamantin,1,2,0,9,a t i c n r l m
seedcase,0,6,0,10,a t r l s i h e n
enflagellation,1,5,0,15,s a r n t i e d o g c l u f
ipseity,0,6,0,12,a s e t u i o r h y n
viperina,0,6,0,13,a s c p o h e r i t n m
gastropodous,0,6,0,14,s e u a h t i r o n m p c
serpulid,0,6,0,12,a s e r i o n c t d y
arrantly,1,4,0,11,a t i r e o h y n l
benzophenone,0,6,0,9,s a e r n t i g
pennatipartite,1,2,0,10,s a t i e r n c p
strafer,0,6,0,11,a t l c s n r b m p
disestimation,1,3,0,13,s t i n c a o m p u d e
bedlar,0,6,0,11,a n l r p s c d m u
minisher,1,5,0,13,a s e r t p c u m i n h
semisociative,1,4,0,14,s t i c n a o e r d l v m
battalion,0,6,0,13,s a n t l e i o p c m r
floatable,0,6,0,12,s a n l e b r i t u p
columbanian,1,5,0,15,s a n u p r l t c m i o e b
cathodofluorescence,1,5,0,19,s e c o n r a l t i h p m u g b d f
unfastidiously,0,6,0,17,s u i n o a t e c h m p l y d g
hornily,0,6,0,11,a s e u i n o c r t
proteaceous,1,4,0,14,s a n t u l c o p h r i e
granddaughterly,1,4,0,16,s a t r n e i o l c y g d u h
acatamathesia,1,3,0,12,s t i h c e a l r n m
nonsensitized,1,4,0,13,s i t c n a o l d e v z
pacificator,0,6,0,14,s a l t i e r n c m p o d
daincha,0,6,0,12,a l n e t i g o c h p
mask,0,6,0,8,a t n l r c b
interlingua,0,6,0,15,s a p c r e o i n t g l h m
consultation,1,2,0,12,s t i u n p a c o r l
unhealthful,1,5,0,14,s a t e u n i r l o h q f
hairpin,1,5,0,12,a l n t r i m c p b h
biternate,0,6,0,11,s a t e n p c u m d
upspew,0,6,0,11,a s e r t u n p d l
subvariety,0,6,0,14,s t i e o a h r u n l m c
istoke,0,6,0,12,a s e i t o n r l m v
trismic,1,3,0,10,a s e i c t h r m
masty,0,6,0,9,a l n r t i e o
peshkash,0,6,0,12,a t r l s h m p i e y
foredispose,0,6,0,13,s e t r p n a c d u i m
trophoderm,0,6,0,14,s a e r i o n m p h t l v
globosely,0,6,0,13,s i e l a y o r p n b u
periorbit,0,6,0,13,s a e r i n c t p o m d
tore,0,6,0,9,a s e p i u o m
adenia,1,4,0,10,a n t r i m d o e
rendrock,0,6,0,11,a s e r o n u l m p
garniec,0,6,0,13,a l n e r s t d c g v k
disproportionally,1,4,0,16,s t e i n a l o y c h p r m d
acrodontism,0,6,0,16,s t i a n e l c o h p u m r g
nonsparing,0,6,0,14,s t e a n l i g r o h m c
linet,0,6,0,10,a s e r n t b c d
niggardling,1,5,0,13,s a t n e i c l o d g r
allopathist,1,2,0,11,s t i r e p a l h o
neuropsychological,1,3,0,18,s t i o c a n l e r h u m p d g y
beruffed,0,6,0,9,a s e r i n c p
paola,0,6,0,10,a l m t b p g c u
forehalf,0,6,0,10,a t r e n m s b i
addax,0,6,0,8,a l n s r p t
formicate,0,6,0,14,s a t e i c p r u m d b h
actinomycotic,0,6,0,13,s a t i n c e g o r u l
hadbot,0,6,0,9,a l n r t s m c
proso,1,5,0,10,a s t e u o p h r
ciliotomy,0,6,0,12,s a e c o r i n l m p
precation,1,3,0,13,s a n t i o u p r b c e
compendium,1,5,0,15,s a e r n t o d i c l m p u
incudal,1,4,0,12,a n l e o t i g d c u
antiscale,1,1,0,10,s t i a n e b c l
ordovices,0,6,0,11,s a e o p n r u l m
amiability,0,6,0,12,s a t l i e r o h y n
tintinnabulate,1,3,0,12,s a t i n e l r c b u
italican,1,1,0,8,a n r c t l i
presumptuousness,0,6,0,15,s t i e a h o p u r m c l k
advocatory,0,6,0,12,s a t i e r n o l c m
sculptress,0,6,0,12,s e i a u n l y o t h
underkeeper,0,6,0,12,s a e r d u n f t l m
unmountainous,0,6,0,14,s e u n t i g a o c d f r
termage,0,6,0,12,a t e r l n m c b d v
continuativeness,0,6,0,16,s e n t i a p c o d v g f r m
tuboabdominal,0,6,0,16,s a l t i e r n o h c m u b j
reliable,0,6,0,12,a l e b t p d f i m s
bathmotropism,1,3,0,14,s e t i o a h c m r n p b
laccolith,1,4,0,12,s a n l e i t c o r h
bradyphasia,0,6,0,12,s e a t l n c r p b m
unpredestinated,1,3,0,14,s t a i e r n d u o g c p
pediculous,1,2,0,12,s u n l c i d o r p e
oxytoluic,0,6,0,10,s a e c p i o n r
tipsy,0,6,0,10,a s t i e h u o c
unwetted,0,6,0,11,a s e r n d u l m g
dreariness,0,6,0,13,s e r a i n p u t c b o
gadolinium,0,6,0,14,s a t l i n c r d o p m b
isandrous,0,6,0,11,s t i o u p l e h c
sniptious,1,3,0,11,s e t i n c a o u p
desultorily,1,5,0,16,s t i e a r c n o p m l y d u
fains,0,6,0,10,a l n t e i g o c
inquisitorialness,1,3,0,15,s e u t i n o c a r g d q l
pirrmaw,0,6,0,10,a n l r t s c p e
asteriated,1,1,0,9,s t i e r n d a
forsakenly,0,6,0,12,s t e r h p c a n i g
lipa,0,6,0,10,a p u e i b c d f
mortalness,1,3,0,13,s e n i a u m o r t g l
cometarium,1,3,0,13,s a t n l i c o m r e u
primrosy,0,6,0,9,a s e i t c u n
pretexted,1,4,0,11,s a e r n d t p c x
unwitch,0,6,0,13,a s e u n o i c t h d g
issuance,1,3,0,11,a l r t n c e s u i
rondeau,0,6,0,11,a n e m l s t c r i
stirring,0,6,0,12,a s e i n g l d r h w
nonclimbable,0,6,0,14,s a l e u i c n o t d p v
bondholder,0,6,0,11,s a e r o n t g i c
harmlessly,0,6,0,13,s e t l y d a n r p c o
lawn,0,6,0,9,a t n i r d f p
zoomantic,0,6,0,13,s a n e i c t h p u m d
native,1,1,0,8,a l n t e i v
disilicane,1,1,0,10,s t i c e l d a n
splenatrophy,1,3,0,15,s t e r o n i u m p h a y l
cakewalker,0,6,0,12,s a t r l e n m c d v
myrobalan,0,6,0,13,s a n c p t o r m e l u
frederic,0,6,0,12,a s e r i t n c p d u
sexangled,0,6,0,14,s t e r d n a i g l m c p
opuntiaceae,1,2,0,12,s a n e c i g p t o u
megasclere,0,6,0,14,s t e r i n c d l a p m x
gasogenic,0,6,0,12,s t e r i c l p u a h
corrosively,1,5,0,15,s e t n r p c i d a l o y v
postconvalescent,0,6,0,16,s u t i e a r o n c l p g d f
unidentifiedly,0,6,0,12,s a p c e r n t i d o
imitable,1,3,0,11,a l e b p s t u m i
wheer,0,6,0,9,a s e r f p c u
orakzai,0,6,0,9,a n r c l t s b
kemb,0,6,0,8,a s e r n l t
banewort,0,6,0,12,a n e l t r s d c m p
velo,0,6,0,10,a s e r n l t o h
archae,0,6,0,10,a l n r t e i o y
anguinidae,0,6,0,12,s a l n t e i g c r m
levance,0,6,0,11,a t n c e d r p m s
novemberish,1,5,0,16,s t e n r i a c o m p h l v b
overharsh,0,6,0,11,s e r i a t p c u m
subgular,0,6,0,13,a n l r u s c m t b o e
unreputable,0,6,0,15,s a l e r u b n k m t q d c
universeful,0,6,0,13,s e r n t a d i l c m p
jacobitic,0,6,0,12,s a n l t i c o r m p
macrolepidoptera,1,3,0,15,s a r e i o n l m t c d u p
mailbox,0,6,0,12,a l i e o m n r u p s
hurryproof,0,6,0,12,s a e o r p f w c u q
unclerkly,0,6,0,10,s a e r i o t c h
vasoreflex,0,6,0,12,s t i e d r n a l c m
melica,0,6,0,12,a s c i m o e r d t n
multipersonal,1,5,0,18,s e t h i p c u a n l o r q b f m
carpetweed,0,6,0,13,s a t r e n d h m c i l
sleechy,0,6,0,11,a s e r t l y k n d
homophony,0,6,0,10,s a e c p o n t i
crystallization,0,6,0,16,s t i n a l p c o h e r m d u
suggestibly,0,6,0,14,s t e u n i c l a o y r m
tolstoyist,0,6,0,12,s t i e o n r u l m d
preheat,0,6,0,12,a n l r c o t e p d s
oratory,1,4,0,10,a l r e u t o i y
tubuliferous,0,6,0,15,s a e r o u n l i t c v d z
ferocity,0,6,0,14,a s e r i n c t o h y p m
oenanthylate,1,3,0,12,s a t i e r o h y n l
squeaky,0,6,0,10,a t r l n s e c i
tyleberry,0,6,0,9,s a e r i o p c
squark,0,6,0,9,a t n r e i o p
indeficient,0,6,0,12,s a e n t r d l m c h
arboretum,0,6,0,13,s a t i r o b c d e h y
pyronine,1,5,0,13,a s e i t n p h r o u y
succedaneous,0,6,0,13,s e r t n a i c d l m p
creepmousy,0,6,0,15,s e n h t r i a c m o u p l
testatum,0,6,0,10,a l r t i e o h y
articulant,1,5,0,14,s a t i n c p o h e r u l
sternotribe,0,6,0,14,s t i e r a o n v c d l z
linoxin,0,6,0,11,a s e u i n g o l r
enophthalmus,1,3,0,15,s a t l e r i o n y u m p h
seronegative,0,6,0,16,s t i n e r d a o c l v m p x
firebrat,0,6,0,12,a n l r i e t p d s m
theroid,1,5,0,13,a s e r i c n o t l d h
barraclade,1,5,0,13,s a n l t r c b m p d e
reticello,1,5,0,13,s a e r n l i y o t v c
doegling,0,6,0,13,a s e r t n c d i g l v
euthyneura,0,6,0,11,s a p c m r t i e o
philozoonist,0,6,0,15,s e t p i n c a o r h l m g
intermolecular,1,2,0,14,s a l o e r n t d m c u i
philobiblical,0,6,0,14,s a l i e o p r n t h c m
disroof,0,6,0,11,a s e i t o n r m l
fast,0,6,0,10,a t s p m w g n c
tutoyer,0,6,0,10,a s e r c p i u l
recatalogue,1,5,0,15,s a n t l e i y o r m u c g
thiazoline,0,6,0,13,s a t r i n e l c b m p
pentrough,0,6,0,14,s a e r t i o n p u l m b
uncanonically,1,3,0,12,s a l i t c e n o y u
nonpsychological,1,5,0,17,s t e p c a l o n r u m g i h y
serpentiningly,1,5,0,16,s t i a e n r g l y m d v c p
mallemuck,0,6,0,10,s a n l i e t r d
progressor,0,6,0,11,s e t l c p h i o n
determinator,1,4,0,14,s a l r t o e i c p n m d
sadducize,0,6,0,13,s t e i l u c h p o a n
preponderation,1,3,0,13,s a t i n e r d l c p o
overjob,0,6,0,10,a s e r i o l n m
agelacrinitidae,1,4,0,15,s a l n t r i c b m p d g e
gaelicist,0,6,0,14,s e r t c m n p a d l i b
enaliosaur,1,5,0,15,s i t o p c e r n a l b g u
pandurated,1,5,0,14,s a l r c n t e d p o i u
breme,0,6,0,9,a s e r c n g p
trochanter,0,6,0,13,s a t e r i o n u l m p
unyouthful,0,6,0,13,s a e o n u l r t i h c
telekinesis,0,6,0,13,s p i n e r d t l m c x
rheumaticky,1,5,0,17,s a n t i c l o h e r d u k y m
inexpressively,0,6,0,16,s a t p e r c n i d l y v m o
danielle,0,6,0,12,a n e t s r d l g c v
sokoki,0,6,0,10,a s e t i h o r n
louvered,0,6,0,11,a s e r t d u p c m
gup,0,6,0,8,a u n s m l b
overtumble,0,6,0,11,s a e r i o d t h y
despotic,1,5,0,14,a s e t i c d r h u o m p
elodea,0,6,0,9,a s c p r i e n
explosion,0,6,0,12,s i n o r p c a u h t
sporangidium,1,5,0,17,s t e i a n c o d l m r g h p u
ungoatlike,0,6,0,15,s a n e t i g r l u v c d z
pennate,1,2,0,8,a t e r s n p
nonreciprocal,0,6,0,14,s a l c h o n e t i d g v
lymphomyxoma,0,6,0,11,s a p r h e i o n u
treatee,1,1,0,6,a t e h r
superobjection,0,6,0,17,s t i n a e r o u l m p c g d v
marsoon,0,6,0,12,a l n t r o c m i e d
sponged,0,6,0,11,a s e r t n i c d h
electroculture,0,6,0,13,s a p c o h e t i r u n
unperfectly,0,6,0,13,s a e r n t i o h u y d
cardiomelanosis,1,2,0,14,s p o r a n i m e c t d l
zooplastic,0,6,0,13,s i c t a p r u h m d b
machairodontinae,1,4,0,16,s a l n t r i e o c h p m g d
unadvantageous,0,6,0,13,s e r a n t l c d m i p
edentate,1,1,0,7,a t e r n d
syllepsis,0,6,0,10,s i e t h u c o a
komati,0,6,0,11,a t e i m s p c u d
deaminase,0,6,0,13,s e r d a m i b c f g h
orgiast,0,6,0,10,a t s c u b f p m
rustless,0,6,0,12,a s e t l u g b c d f
soliterraneous,1,4,0,15,s e r t i a n c m l d p o u
eburna,0,6,0,11,a s c p r i n u t m
asperges,0,6,0,11,a n t l r o e s h m
subjectlike,0,6,0,15,s t e i h c u n l r m p b v
vanadiate,0,6,0,12,s a l r n t i e c m p
devadasi,0,6,0,10,a t r s u p c i m
combinableness,1,3,0,14,s e a n l t c o r u m i b
semiarid,1,5,0,13,a l r e i n c s t o d m
immanacle,0,6,0,13,s a n l e b p c u t m o
dermaskeleton,1,4,0,16,s t e r i a o n m p d l h c k
formful,0,6,0,11,a s e u n l t o r i
microdentous,1,5,0,17,s a e n i o c t r m u l v p g d
exallotriote,0,6,0,14,s a t i e n l r c o m d p
anamnestic,1,5,0,14,s i c t a l n e u r g d m
anopluriform,0,6,0,16,s a t l o n e i r c y u m p d
unpricked,0,6,0,12,s a e r o n i d l t g
gazzetta,0,6,0,9,a r l n t c s b
carangidae,1,3,0,12,s a n t l e i c r d g
beegerite,0,6,0,11,s a e r i n t d p m
unenwoven,0,6,0,9,s a e r n t i g
keerogue,0,6,0,10,a s e r i o n p m
hydrometallurgical,1,5,0,20,s a t l e i o p c y n m u r d h b v g
subtrigonal,0,6,0,16,s t e a i n c l o h u r d p z
jailbird,0,6,0,10,a n l e i c s t o
myodynamiometer,0,6,0,15,s a t e r c n l p b m i o u
regulus,0,6,0,10,a s u l t m p b c
memorableness,1,4,0,14,s e n r a l d b p v t m o
selvagee,0,6,0,10,a l e t n r p m d
ninnyish,0,6,0,11,a s e i t n h d g c
proirrigation,0,6,0,14,s a t i n c o p l d r m z
proletarianism,1,2,0,14,s e t i a p h o l c m r n
elicitor,1,5,0,13,a s e r n t c o u d l i
hippoid,0,6,0,8,a s e u i n c
lecturer,0,6,0,9,a s e r n p f d
automacy,0,6,0,13,a t i e r o m u b c h k
brushland,0,6,0,12,s e a r c l t n i o g
chilean,0,6,0,12,a n s m i p c d b e t
sekani,0,6,0,11,a t n e d g h z i r
coyoting,0,6,0,11,a s e i n g u c h l
wilsomeness,0,6,0,13,s e i t h c p m r n o d
zygophyllaceous,0,6,0,17,s e r c a t n p h i o u y l m d
bar,0,6,0,9,a l t r m j p c
astray,0,6,0,11,a l n r c f t s b m
jisheng,0,6,0,13,a s e r n p c t i g h m
peripateticate,1,1,0,9,s a t i e c r p
dulcification,1,4,0,15,s a t i n c o u r d l v m f
undetractingly,1,1,0,14,s a n t e i g r l y u d c
umbrosity,0,6,0,13,s i n a t e o r h p u l
measly,1,5,0,12,a r s t h e l i y p m
simulant,0,6,0,13,a t s i n l b c o d p v
annueler,0,6,0,12,a n e r t d g l c s v
sparch,0,6,0,12,a r i e s y c o h t m
imperformable,0,6,0,16,s a l e r i o n c t d m b p h
opianic,1,4,0,11,a t n c s i p m u o
eumeromorphic,1,5,0,15,s a c t o n p h u r l m e i
releasable,0,6,0,12,s e a n t l p b m d c
grammarless,0,6,0,13,s e a t l n c r b p m u
altruism,0,6,0,13,a n t e i o s h r c u p
tamanowus,0,6,0,11,s a l r c t n e i g
underlife,0,6,0,14,s a e r i n t d u v m f o
chiromys,0,6,0,12,a s u e i n r o p c l
visualizer,0,6,0,12,s t i e r c h p m u n
taxidea,0,6,0,9,a l n t r b g c
strawwork,0,6,0,12,s t e i r a n l o c m
nonblameless,0,6,0,11,s e a r t p c u m d
umber,0,6,0,10,a s e r p i o u g
oasal,0,6,0,9,a n l r c b d t
rebenediction,0,6,0,15,s a c o n e r h t d i l m v
erigeron,0,6,0,12,a s e r i o n t v c d
usableness,0,6,0,10,s e t i u h c m p
almoravides,0,6,0,16,s a n r c l e i y o t d m b g
blaugas,0,6,0,11,a n r t c m l s b p
prehydration,0,6,0,16,s a t i n o c e r d l p m x u
misalter,1,4,0,13,a t e r s p c u m i n l
obvolve,0,6,0,8,a s e p c i r
tithymalopsis,1,5,0,16,s i n o c t e r a h y l u p m
parametrical,1,2,0,12,s a r t n l e i c p m
istiophorid,0,6,0,12,s t e o n r i c l m a
metastyle,1,5,0,13,s t e i o a r h y p m l
ipsilateral,1,3,0,12,s t e u r i a n l o p
tracheate,1,4,0,11,s a t i e l n r c h
lakemanship,0,6,0,16,s t e r i n c a l o d m p h b
haemoconcentration,1,5,0,16,s a l n t e r i d c o m p b h
nonpromulgation,0,6,0,14,s a n t i o p r b c d e f
ruling,0,6,0,12,a s e u n t i g l q c
saltimbankery,0,6,0,18,s t e i n c r a o d l m y g p b v
structural,0,6,0,12,s t e i o a r n l y m
accendibility,0,6,0,16,s a t i e r n l o c h y d v m
niphablepsia,1,5,0,15,s i n c t a l e o d r p h b
eagerness,0,6,0,12,s e r n d l t a c m b
railbird,0,6,0,10,a n l e i c s t o
pewless,0,6,0,11,a s e n r l p g d b
zati,0,6,0,10,a t e i h y p c m
tibet,0,6,0,10,a s e r n d t b c
channelize,0,6,0,14,s a t n e r p c d l i h v
amorphotae,0,6,0,12,s a l n e t r i o y c
dynagraph,0,6,0,12,s a r t n l c p h u m
runefolk,0,6,0,13,a s e r i o l y t u n d
oatbin,0,6,0,11,a l n r t e i h c p
dogwatch,0,6,0,11,a l r t e i h c u s
lymphoprotease,0,6,0,16,s e a c p h r i o u m t d b g
patchword,0,6,0,14,s a n l t e i o h c r p k
proscenium,1,5,0,16,s t e r n i c a o d l p v m u
northupite,0,6,0,14,s a e p i l c t r o h m y
vaginoabdominal,0,6,0,14,s a l n t r c b i e o m p
unstock,0,6,0,12,a s e i u n t f o r l
myriameter,0,6,0,11,s a n r l t c p e u
gelatiniferous,0,6,0,17,s e r o n a t i c d p v l u m z
sublong,0,6,0,9,a s e i t o p c
capability,1,4,0,13,s a t i e y l p r c n b
schorlaceous,1,5,0,15,s e i t a l o u c h p b g r
dilation,1,4,0,12,a t e i n c s o m d l
hayz,0,6,0,8,a t n l r c b
magnanimity,0,6,0,11,s a t l r n e i o h
neuropteron,0,6,0,13,s a e r i o n u l m p h
isoemodin,0,6,0,13,s t i c n e r d l a m h
percurrent,0,6,0,11,s a e r o i n t m y
teca,0,6,0,10,a p u s t i o e d
benzalacetone,0,6,0,14,s a l t i e r n c o p d g
cadet,0,6,0,10,a l n r t p c s b
taintproof,0,6,0,14,s a t i e o r n u l m p c
illegitimatize,0,6,0,12,s a t i n c o l e r d
antinomy,0,6,0,13,a n e t i g o r u l m p
orchidalgia,0,6,0,15,s a r e t i n l o c h d v y
reassessment,1,1,0,9,s e r n t h m a
palearctic,1,2,0,11,s a n r t i c l p e
sketchily,1,5,0,15,s t e i n a o c l y h m p k
communicableness,1,2,0,14,s e n a c t l o r u m i b
realest,0,6,0,12,a l e s t p m d c h v
sialozemia,0,6,0,14,s t e r n a l i y o d m v
alfilerillo,0,6,0,13,s a t l i e r f b c d g
rachialgia,0,6,0,13,s a l e i t n r c h o d
popadam,0,6,0,8,a n l s r w t
overfed,0,6,0,9,a s e r t p b n
subcontinent,1,4,0,14,s t e i c o n h u r a l b
chili,0,6,0,8,a s e u o i p
cloddily,0,6,0,12,a s e i n t c o l y g
unchristianized,0,6,0,16,s t i n c o a h l d r p m v g
cumbu,0,6,0,8,a s e u n l r
grandniece,0,6,0,12,s a t n e p c u d m b
unilabiate,1,2,0,11,s a n t i e r l u b
unclamp,0,6,0,12,a t r l n c e s b m i
printerdom,1,5,0,15,s a e r i o n u t p l m c d
seton,0,6,0,11,a s e r l n w d t i
advantage,0,6,0,10,s a l n t r c b m
megalomelia,0,6,0,11,s a r n c t l e i y
unciliated,1,3,0,13,s a l e r n t i d u g c
yucateco,0,6,0,13,a t e r m c o i s p u q
pratincole,1,1,0,12,s a t e i c o p r n l
glossographer,0,6,0,15,s a t c l n i e r p h u o b
vives,0,6,0,9,a s u e p m c r
charruas,0,6,0,12,a n r t l s p c h i e
peritoneum,1,5,0,15,s a e r i n c t d l m o p u
verpa,0,6,0,9,a s u p t d w c
cylindroid,0,6,0,10,s a e o r p t n u
carotinemia,1,2,0,12,s a r i o n t e m p c
perendinant,1,2,0,11,s a t c r e n i d p
bromhydric,0,6,0,11,s a e o r n i c u p
orthodomatic,1,5,0,15,s a l r o n t i c m h p g d
pretervection,1,4,0,14,s a c o n i t e r p m d v
telemeter,1,4,0,10,s a e r n d t l m
thowel,0,6,0,9,a s e r n d t i
cuticula,0,6,0,12,a s c r o h e i t u n
hyalophagia,0,6,0,12,s a t l e i o n r p c
fedora,0,6,0,11,a s c p r u e n d t
dodecanesian,0,6,0,12,s t e r p c a l n u m
microglossia,1,5,0,15,s e o p l a c m i h r u b g
unhoned,0,6,0,12,a s e r n d i o u b t
locutory,0,6,0,10,a s e i o n r t b
fernbird,0,6,0,10,a s e r o i t y m
prediscoverer,1,5,0,15,s t e r n i p h c o l d m v
undestroyable,0,6,0,18,s t i e a r n l o g u d m b p c v
clathrate,1,3,0,11,s a t i e r p c h l
nephrocoele,1,5,0,14,s a e r o n d l t m c p h
neognathae,0,6,0,11,s a n t e r d l c m
alphabetizer,0,6,0,13,s a t n r l e i y o u d
multilaciniate,0,6,0,15,s a r t i e c p u n l q b f
chilicothe,0,6,0,12,s a e p i c o n r l u
anamorphoscope,0,6,0,15,s e t a l n c r o i m y d u
rhythmless,0,6,0,12,s e n r o a m d i y p
soleness,0,6,0,11,a s e o l b c d f g
cubomancy,0,6,0,11,s a l t n c o h e i
eczematous,0,6,0,15,s u a t o m r i p c h e k l
cacotheline,1,2,0,12,s a l e i r n t c h o
applicant,1,4,0,12,s a t n r c l b i m p
drivage,0,6,0,11,a t r e o p y i n l
newslessness,0,6,0,9,s t i e h p m c
rachitome,1,4,0,14,s a n l t e i c f r o h m
rawhead,0,6,0,10,a n l r d m t c s
dipsey,0,6,0,11,a s e r t l d i n c
epiboulangerite,0,6,0,18,s a t i n e c d r o l g p u z m f
mahdist,0,6,0,12,a l n t r s d i f p c
eileen,0,6,0,10,a s e r n d l b p
regild,0,6,0,11,a s e r n l i t m v
vesicocervical,0,6,0,15,s t e r i n c o a l p m d h
henotheistic,1,2,0,11,s t i c a e r n h o
sixpenny,0,6,0,11,a s e r n t i c o d
fifteenfold,0,6,0,12,s a e n u t c i g o r
sapucainha,0,6,0,12,s t e i c a n l r b g
campaign,0,6,0,12,a l r t n c s b m p d
shebat,0,6,0,11,a n l r s y t i e m
nonextraneous,1,4,0,14,s e n r d a l t c m o u x
questionee,1,3,0,12,s t e i c n p a u o q
batino,0,6,0,10,a l n g e c s b d
sibilatingly,0,6,0,15,s t e i n c a g r l y d v m
purposiveness,1,5,0,15,s e t i n u l r a o c v m p
contaminant,1,4,0,12,s a t n l c r b m o i
dinghee,0,6,0,8,a s e c p r u
dressmakery,0,6,0,13,s e t r i a o m y l n p
undertide,1,3,0,11,s a e r i n t v d u
cam,0,6,0,9,a l t r n m b h
expositionary,1,4,0,16,s t i c n e r a o d l m y p x
geomagnetist,0,6,0,14,s e r t i m a l n p d c h
hydrophyton,0,6,0,14,s a e c i p h o r y n t g
isosaccharin,1,4,0,13,s t i n e u h o a l r c
deathless,1,5,0,13,s e r n l a c v h b d t
bowenite,0,6,0,11,a s e r n i t l u p
untruck,0,6,0,10,a s e u n o r g l
crossfoot,0,6,0,12,s e a i t p c o h r m
geniolatry,0,6,0,16,s a l r o t i e m d y p n c h
antilabor,1,3,0,12,s a t r i c n l b e o
myxomycetales,0,6,0,14,s e c r n p a t u m i o b
unattuned,1,5,0,12,s a n c t e r d i o u
raash,0,6,0,10,a l n t r c s i e
genesiology,0,6,0,12,s t e i n c a o r m p
renunciator,1,3,0,13,s a l t e r c n o i g u
stimulus,0,6,0,11,a s e t i n c o l d
unusurping,0,6,0,12,s t e a i n o c g u l
incontinently,1,4,0,13,s a c e n t i o r h y l
recurse,0,6,0,10,a s t e r m n d l
submarshal,0,6,0,14,s i t e h o a l u n r m g
contemnibly,0,6,0,16,s a e r n t c i o l m b d f g
oppressor,1,1,0,7,s e p o n r
commencer,1,4,0,11,s a e r n c o u l m
inductively,1,4,0,15,s a e n t i c r d l y v o u
heterosporic,1,2,0,12,s e t r i n c h o m p
sabbathize,0,6,0,13,s t i e h p c u o a n l
awabakal,0,6,0,10,a l r t n c m b p
hercogamy,0,6,0,13,s a t r e o n l c m i p
palluites,0,6,0,14,s a n l e i c t p o d v y
unghostlike,0,6,0,16,s e t a i p c u n g r l o v d
obstructingly,1,3,0,16,s t i n e a o r g l y u p c b
maxillojugal,0,6,0,12,s a l e i y o n r m t
reproductive,1,4,0,15,s a e r i o n l u t c d v p
stereographically,1,3,0,17,s t e r a n l i c o y b p h u g
cacumination,1,5,0,14,s a n c t e i o h r u l m
mormonite,1,2,0,10,s a e i t r o m n
phobos,0,6,0,10,a s u i e o m p r
counterorator,1,4,0,13,s a l n t i e r p c o u
jumblement,0,6,0,14,s a e r n t m p u b l c d
jusquaboutist,0,6,0,11,s t i p c e u n l r
unconcertedness,1,3,0,13,s e n t i a g o u d c r
engrossingly,1,2,0,12,s e t r n i a o g l y
turniplike,0,6,0,14,s a e p o r i c t h n l v
polyphagic,0,6,0,15,s a l e i n o c y p r t h b
halfpenny,0,6,0,13,s a n e t l i o y u p c
scoter,1,3,0,10,a s e r t i h c o
shellum,0,6,0,10,a s e r t l d i y
zafree,0,6,0,10,a l n r e m t p c
orange,0,6,0,12,a r n i e t g p u c b
scrutation,1,3,0,13,s t a i n o u l e h c r
nonsolvency,0,6,0,12,s t e p c i o n r a h
lichenographer,0,6,0,16,s a t r p h e n c i g d m b f
pestilence,1,5,0,14,s t i n c a o h e v d p l
homalopsinae,0,6,0,15,s e i n p c t a l u m d b r
ermani,1,2,0,9,a t n e r g i m
mellisugent,0,6,0,15,s e r n t i c a m l h u p d
plugdrawer,0,6,0,12,s a l e r i y o t u n
homoplasis,1,2,0,11,s i a p o r h l n m
developability,0,6,0,15,s a t i e r n o h l m y d c
regreet,0,6,0,10,a s e n r d t p o
zygomycete,0,6,0,10,s a e r c o n p u
barrow,0,6,0,11,a l n r e o c w h y
papilioninae,0,6,0,11,s a l i n t r c b m
resident,0,6,0,13,a s e t i n d p m c h v
leptothrix,0,6,0,14,s a e r i c n t o d l p v
animalize,0,6,0,12,s a t r l e i n c v d
nonacosane,1,5,0,12,s i e t u a n l r c o
translucence,0,6,0,15,s t i e r a n h c u q o m p
pedological,1,3,0,13,s a l i o c g p e n r d
phototropism,1,4,0,13,s e t i a o p h c u m r
lory,0,6,0,10,a s e u o n r y t
monodynamism,0,6,0,13,s e t i m a o n r u l p
untaintedness,1,4,0,13,s e n d t i u r h o l a
congoleum,0,6,0,13,s a e r n c t d o l m i
orthosilicate,1,2,0,13,s t i e a r o n c h d l
flocculate,0,6,0,13,s a t e c o h u p m r b
nonsanctification,1,4,0,13,s t i c n a o d l v m f
incurability,1,5,0,16,s a t i l r e n o g h c y b u
sultan,1,4,0,11,a n s e i m l y u t
equilibrium,0,6,0,12,s a e r i l b z n c t
hath,1,2,0,6,a t e i h
xiphiidae,0,6,0,13,s a n l r t d i p h e z
ambay,0,6,0,8,a l n s r p t
chaetotactic,1,4,0,12,s a n l r t i c h e o
copter,0,6,0,11,a s e r p i c u h l
prejudicative,0,6,0,16,s a t i n c e r d l p m v o x
lindane,1,4,0,11,a t r l e i n g c d
gastrolatrous,0,6,0,12,s e t i a o r m n p c
vitelline,0,6,0,10,s a e r t n u p c
sulfarsenite,0,6,0,16,s e t r n i h c u l a y m o d
mesolabe,0,6,0,10,a t r l n s c p u
staphylomatous,0,6,0,14,s e i t o r n u a l c m b
unqualified,0,6,0,14,s a t n e d l i g o c u v
iridencleisis,0,6,0,14,s i n t c o a h e l d v m
zoolithic,0,6,0,10,s a e c p i n t u
jahvist,0,6,0,10,a l n t r s d c e
shucking,0,6,0,12,a s e i n t g o h r l
patronizable,1,4,0,16,s a l i c e n t r o b m p d z
reservor,0,6,0,11,a s e r i o c t m d
omniparent,0,6,0,15,s a t n e o i l c r u m d z
beaverette,0,6,0,11,s a t i e r l n p m
bugleweed,0,6,0,10,s a e d h p c u n
heptahedron,0,6,0,12,s a t n p l c r u b m
geniture,0,6,0,12,a s e r d t n o p i h
birminghamize,0,6,0,14,s a t r e c i n g l d m v
odeum,0,6,0,8,a s e r n l t
magnetometric,1,2,0,13,s a t i n e o c r m u g
hyloid,0,6,0,8,a s e u o n r
combfish,0,6,0,11,a s e i t h p o l n
unmended,0,6,0,11,a s e r n d t u g c
caravan,0,6,0,11,a n l r s c t m b p
napkining,0,6,0,10,s a n t e l i c r
unfrosty,0,6,0,14,a s e i o u n t r h y g c
corejoice,0,6,0,10,s a e r n c d t l
anchises,1,5,0,13,a n e s l t i g o d c h
bastardism,0,6,0,12,s i t a l n c r e h p
submissively,0,6,0,10,s c a t i n o e r
illegitimacy,0,6,0,13,s a t e r n i c o h l u
macronutrient,1,3,0,14,s a t c e i o n h r p m u
unexplainableness,0,6,0,16,s e n r t a l d c m u p b i o
subdeanery,0,6,0,13,s t e r i a o c m u n l
concurso,1,5,0,12,a s e i u t p c o n r
desmarestiaceous,1,4,0,16,s i n t c a l r o p u h m e d
undermoral,0,6,0,14,s a l c t p i e r o u n g
underbear,0,6,0,13,s a n t l d e r u m v i
struggle,0,6,0,12,a s e i t o r y m u n
perjuriousness,0,6,0,15,s e n t r a i o u p c m b d
gruelly,0,6,0,12,a s e r l y u c p t b
slavophobe,0,6,0,12,s t e i a c l n r b m
cyanoacetate,0,6,0,12,s a t r l n i e p c h
micropterus,1,2,0,13,s a u o p r h e c t m i
placean,0,6,0,11,a n l c i h b u r t
functionalism,1,5,0,17,s e t i a n c u o m r l q p b f
portraitlike,0,6,0,15,s a t e i p h r n o c v l d
pinacoceras,1,3,0,13,s a t n l c o h e p r i
sericiculturist,1,4,0,13,s e t r i n c o a h u l
statuecraft,0,6,0,14,s t i e r a n h c l u p x
uncaptained,1,3,0,13,s a t n e r d u i c l p
orgiastical,0,6,0,13,s e i c a t n l p u m d
multicipital,0,6,0,14,s a l i c p u n t q b f o
surfacely,0,6,0,14,s t e r a n l i y c o p m
chairless,0,6,0,14,s e a l r t p c h b g u d
enlodge,0,6,0,11,a s e n o r u l m p
gravimetrical,0,6,0,15,s a n l r t e i c p d v z u
sufferer,0,6,0,10,a s e r i k t h c
overdance,0,6,0,12,s a l t n c e r p u m
ko,0,6,0,8,a p u o h r d
gematrical,0,6,0,14,s a n l t i p c u r m d b
turbot,0,6,0,9,a s e u n l r i
apogon,0,6,0,9,a l n t r s d c
graphis,0,6,0,9,a l r t n c e b
holomyaria,0,6,0,12,s a r i c u e o n m p
phenanthroline,1,2,0,13,s a t i c n e r o p h l
patavinity,0,6,0,10,s a t i e r o h l
continuingly,0,6,0,15,s a e c o n t i g r l y d f
cholemia,1,5,0,14,a s c i o r n l e h d t m
blessedness,0,6,0,10,s t p c i e r n a
reaggregation,0,6,0,13,s a t i n r e l c b m p
unsharedness,0,6,0,14,s e n u a t h p v k l r o
leanness,1,2,0,8,a t l n e r s
disinsulation,1,5,0,15,s t i n e h o c p u l a m d
viosterol,0,6,0,14,s e r i t a o n m l p d h
configural,1,4,0,15,s a l c o n e i d t g r u f
reinvestigate,0,6,0,15,s t i n e c a d g p v m h b
indiction,1,3,0,10,s a e c o n i t d
unfasten,0,6,0,13,a t e r n s f b c d g h
anastomosis,1,3,0,11,s i a t e r o l n m
thatchy,0,6,0,9,a l r n s t i e
intercalate,1,2,0,11,s a t i e r n l m c
entrainment,0,6,0,13,s a t n e i r g d c v k
upend,0,6,0,10,a s e r n c p t i
gaslight,0,6,0,12,a n l e i t g b u r o
notewise,0,6,0,11,a s e r t n d l c m
butenyl,0,6,0,11,a s e r n t u i g o
philopatrian,1,2,0,12,s a l i t e n o p h r
daedalist,1,5,0,13,s e r t c a l i m p n d
littleleaf,0,6,0,12,s a l e i n t r c b m
leveret,0,6,0,10,a s e r d f n t p
oneism,0,6,0,10,a s t e c m p u d
aftercourse,0,6,0,15,s t i e r a o n p c u l x b
shoother,1,3,0,10,a s e r t i u h o
putrefiable,0,6,0,15,s a l e n p r h o i t d b m
fellingbird,0,6,0,14,s a e r o i n t d c g l p
zain,0,6,0,10,a t n i p h d w l
aberration,1,3,0,12,s a t i n r l c b e o
bellpull,0,6,0,9,a s e r n l i y
tzotzil,0,6,0,8,a s e u i c n
hartal,0,6,0,10,a n l r p b m c i
ricinolein,1,5,0,13,s a e r n i t g o l d c
exercitorial,0,6,0,15,s a l c e o r h t i n d m v
diastolic,0,6,0,13,s e a t i c d b f g h j
steerswoman,0,6,0,15,s t i e h u c o n r m a p l
biguttate,0,6,0,11,s a t i e n c o d l
antisyndicalist,0,6,0,12,s t i c a e h u p m o
assistful,0,6,0,12,s t i e o a r h y u n
snowk,0,6,0,11,a s e t o n d w y i
adnephrine,0,6,0,13,s a t n e r d l o i m c
moldableness,0,6,0,15,s e a l b n u o v i c p m y
indices,1,5,0,12,a s u e c p t m d i n
deconcatenate,1,4,0,12,s a t i e r n d l c o
colima,0,6,0,11,a s c o r n m b d e
pyralid,0,6,0,11,a t n l e i c s p o
apio,0,6,0,8,a l n r t s e
solely,1,5,0,11,a s e r t i l y u o
influxable,0,6,0,14,s a l i e n y o u r b m g
laceration,1,3,0,13,s a t i n l m p r c o e
unapart,0,6,0,10,a l r i o e s p c
capacity,0,6,0,11,a t i e r l o h y n
supercynical,1,5,0,17,s t e r i a l o c h u k n m p y
acuminose,1,4,0,14,s e a t l n r c o h i u m
underwent,0,6,0,13,s a e r t n u v d m i c
orangite,0,6,0,13,a t e c s r b p l n i d
prehensible,0,6,0,13,s e p r u t i n c a o d
anthelion,1,4,0,13,s a t i n o u e r h d l
deinotherium,1,4,0,15,s a e r o n i c t d l m h u
circumambulator,1,4,0,15,s a l t i n e r o c h u m b
serment,1,2,0,9,a s e r v n t m
malleoincudal,1,5,0,16,s a l e r n t d i g o c p m u
neckline,0,6,0,11,a s e r n d l t i m
securigera,0,6,0,13,s t e r a o i n d l c v
instantaneously,1,3,0,14,s t i e r a n c m l o y u
genys,0,6,0,9,a s u e r l t m
aggrievedly,0,6,0,14,s a t l e i n r y c b d m
coburghership,0,6,0,14,s i c o n r a t e l m u d
labioalveolar,0,6,0,14,s a l t n e r c b i d v m
sagaie,0,6,0,8,a n t r l c m
schistosoma,1,2,0,11,s o t m e i a h p c
overplay,0,6,0,11,a n l r t s c p b m
heterosporium,1,5,0,16,s t e r i n c a o d l p m h u
manumission,0,6,0,12,s i n t e a o g c d p
benn,0,6,0,9,a s e r n p t m
damlike,0,6,0,13,a l i n s t e k w m p c
conservatize,1,3,0,15,s t e r i a p c o n v d l z
amphipleura,0,6,0,14,s a l i e r t n c b p h d
multivorous,0,6,0,14,s a u r n l e i c t o p f
dulcet,0,6,0,9,a s e r n d o i
sanction,0,6,0,13,a n i g t o c p m r b h
unterrifiable,0,6,0,16,s a l e r i p c t u n b d v m
formerly,0,6,0,12,a s e r o t c i m y p
epirotulian,1,5,0,16,s a l n p h e r i o u m g c t
asymmetron,1,5,0,15,s t e i o n h u c a p m r y
emulgent,0,6,0,12,a s e r n t d l m i o
unfeatured,0,6,0,14,s a n e d l u t g r c v k
plantae,1,3,0,10,a n l t p b c d e
aseptify,0,6,0,14,a n t e s p b c d f i o u
hydrogenide,0,6,0,13,s a e r i t o n d p c u
hypotonia,1,2,0,11,s a p h o n r t i y
homolysin,0,6,0,14,s e i a o n r m p l c h u
hurdis,0,6,0,11,a s u l r e c i t m
undermist,1,4,0,14,s e t r a o i n b c d u m
swainishness,0,6,0,13,s e i t h c u a n m p l
condiment,0,6,0,14,s a e r n t c i o b d v l
proctoparalysis,1,4,0,15,s p h e r a i t n l o u y c
kryokonite,0,6,0,13,s a e p i t c r o n m l
unpunishably,1,5,0,16,s e t c i p h a r l o u y n b
chamfer,0,6,0,12,a l r t c e h n p i k
periconchitis,1,0,0,11,s e r i t p n c o h
neopallium,1,5,0,15,s a n t e r l i c d o m p u
coenosarcous,1,3,0,12,s i o t n e c u h a r
populicide,0,6,0,12,s a e p i h r o l n t
sphingal,1,3,0,12,a n t l e s i p r h g
repugner,0,6,0,10,a s e r t l n c d
waterboard,0,6,0,12,s a t e r i o m c y p
pseudocumenyl,0,6,0,13,s t i e r n a d o g c h
retrace,1,0,0,6,a t r c e
condensation,1,2,0,12,s e i n t p c o g d a
backcourt,0,6,0,12,s a n l t r e c o p i
daff,0,6,0,8,a t n l r c b
banderole,0,6,0,13,s a n e r i o t g m d p
hawaiite,0,6,0,11,a t i e r l c m p n
polymerous,1,3,0,13,s u a o n r i m p l e y
stickadore,0,6,0,15,s t e i n l a m c r b p d h
cameography,1,5,0,16,s a l t r g p h i e o y n c m
unsacrificeable,1,4,0,16,s t e r a i n l c u b d v m f
lim,0,6,0,7,a u p e o s
dravya,0,6,0,9,a r t n m l c s
demosthenic,1,3,0,14,s t i e n r c d l a m h o
isoeugenol,0,6,0,13,s t i e r n a d c o l m
flourish,0,6,0,12,a s e i t h p o l b n
toxicological,0,6,0,10,s a l o n r u m p
cantabrian,1,4,0,12,s a n t l r c i e p b
woodbine,0,6,0,10,a s e i t n c r l
ossetine,1,3,0,10,a s t i n e u p o
kuruba,0,6,0,10,a s c p r o i u n
chlorine,1,4,0,13,a s e i t n c o h r y l
sabazianism,0,6,0,11,s e i n t o h u a c
doggone,0,6,0,8,a s e p c i r
exterraneous,1,5,0,15,s a c t e r n d l m p o u x
timberland,1,5,0,16,s a t r i n c e o d l p v m b
equational,0,6,0,14,s a n t i l o u p c m d b
scabriusculous,1,5,0,15,s t i e h u n l o c a r p b
noisomeness,0,6,0,11,s e i t p c u a m r
amueixa,0,6,0,10,a n l r t s m e d
wheen,0,6,0,9,a s e r n u p c
preacquit,0,6,0,10,s a n t m l c o h
reimposure,1,5,0,14,s i t p e h o c m u n l r
smelliness,1,2,0,9,s e n l i h t m
caber,0,6,0,10,a l n r t e g s p
civilizee,0,6,0,9,s a e m f p c o
royalism,0,6,0,12,a t n l e i s m p c d
pseudoaristocratic,1,1,0,13,s t i e r n a o c d u p
brawny,0,6,0,12,a r n i g u y w p e t
zoosis,0,6,0,10,a s i p m o c h r
degraded,0,6,0,11,a l r t n c e d p o
hydriote,0,6,0,11,a s e i n r t p c u
lockman,0,6,0,11,a n s m t e o r g b
darn,0,6,0,10,a t n i r b e p c
rejectingly,0,6,0,16,s a e r n l i y p d t g m c v
besottingly,0,6,0,15,s t i c n e a g r l y p m d
cocksurety,0,6,0,13,s t e i a o r n u l h m
handmaid,0,6,0,11,a l n g t s d i r c
culet,0,6,0,10,a s e r n d t u m
doormaking,0,6,0,15,s a t n i e g m d o l r b c
jugerum,0,6,0,9,a s e r i o n d
slunge,0,6,0,11,a s e t i o c u l d
unexplaining,0,6,0,13,s a t n e r i d o g l m
ornithogaea,1,5,0,15,s a p r e i n c t o m h l g
rebuffably,0,6,0,14,s a l e r o i d c b u f g
unsufficed,0,6,0,14,s t i n e r a c m u l d b
babuism,0,6,0,10,a l n t r c s i h
mnemonist,0,6,0,12,s e r t c a i g n d l
paver,0,6,0,11,a l n r t e g s p w
maimedness,0,6,0,13,s e r n d i l p c a t v
zonary,0,6,0,12,a t n l e s b r o y c
unbag,0,6,0,9,a l n r t c s m
incompensation,1,3,0,14,s t i n e a o r u l m p c
pavilion,0,6,0,13,a n r l i t c m p o b d
samson,0,6,0,10,a l n r t c s i u
blossomy,0,6,0,8,a s i c t p e
lenticulothalamic,1,3,0,15,s a l e r n i c o t h b u m
mayfowl,0,6,0,9,a l t r n u b p
superactive,1,5,0,16,s t i n e r a c h u l m d v p
solecistically,1,0,0,10,s t i a l y o c e
snivy,0,6,0,10,a s e t o i n p c
cobus,0,6,0,11,a s u c o p r m n g
triphylite,1,3,0,12,s a e p r o i h y t l
inclinatorium,1,5,0,16,s a t i n e o c l d r p v m u
wiglet,0,6,0,9,a s e r n d t p
overtness,1,5,0,13,s e r i h a o t n l m v
interrupted,0,6,0,14,s a e r o i n t d y m u c
curstful,0,6,0,12,a s t i e o u n l r q
hymenogeny,0,6,0,10,s a e r n t i g c
whipcord,0,6,0,12,a s e i n t c h o r y
gigi,0,6,0,8,a s e u o i t
lacing,1,3,0,10,a l n t c u e i g
plical,1,4,0,10,a n l e i c b u p
squabbed,0,6,0,10,a t n l r s e c i
phellogen,0,6,0,13,s a e r n p l i y o h m
potwaller,1,5,0,14,s a n t r c l p e i h o w
monophagism,0,6,0,15,s t e i a m o n r l u p h b
kawaka,0,6,0,8,a c r n m l b
disglorify,0,6,0,13,s t i e n a c o l d r p
polyclona,0,6,0,13,s a p i e o n r u l y b
capreolate,1,3,0,12,s a t e l c r b p d o
incurrent,1,2,0,10,s a e r c t u n i
delegalize,0,6,0,12,s a t n l e i r c d v
reboard,0,6,0,11,a t r e s o i y m c
refight,0,6,0,10,a s e r n l t d m
awakening,0,6,0,12,s a n t e i g l r c m
ineducable,0,6,0,15,s a l e p r n d i o u b m t
apoembryony,0,6,0,12,s a t l r i e n o d c
contrariwise,0,6,0,16,s e a t l n r i p c o d v m f
multinominal,0,6,0,14,s a l i c n t e p g o u r
shall,1,2,0,7,a s l t p h
superobstinate,1,3,0,15,s i c t e n r a o u l m p b
negrillo,0,6,0,13,a s e r i t n c o d l p
exaggerated,0,6,0,12,s a l n t i e r c d b
alcoholometrical,0,6,0,16,s a l e i o r n c m p t g d w
directional,1,4,0,15,s a l c i n t o d p v m r e
almemar,1,3,0,9,a n l o e t r m
loggia,0,6,0,9,a s c p r i m d
persistively,1,5,0,15,s i n c t a p o e r d l y v
unperilous,0,6,0,15,s u n o e l d b r t a g i c
iridectomy,0,6,0,13,s a e r o c t p n i l u
compassivity,0,6,0,13,s e i c o n t r a u l h
pettedness,1,3,0,10,s e r n d l a t p
heder,0,6,0,10,a s e r d c p t m
quinizarin,0,6,0,12,s a l r e i c n p u t
hemihedrally,0,6,0,14,s a l i o e r y t n d c v
settledly,1,5,0,12,s t e r n d i a o l y
dashedly,0,6,0,12,a n l e y r s m t p c
groset,0,6,0,11,a s e r c n d t i p
unsaintlike,0,6,0,15,s t e i p c a n r u v h l d
untransmissible,1,3,0,15,s t i e a c n o l h u r m b
anathematization,1,5,0,15,s a l n t i e r c h o m d z
benzamido,0,6,0,10,s a n t e l p r c
peonage,0,6,0,11,a t r l n p e d m c
thereamong,0,6,0,13,s a t i e r b h f l n c
underdot,1,4,0,12,a s e r i o n u t g d
intersociety,0,6,0,15,s t i e a o r h n y l m d p
infinitarily,1,5,0,14,s a t n e l i y r d g c f
scimitar,1,5,0,13,a n l r e s t i c d v m
torricellian,1,1,0,11,s a l c t i e r n o
mantissa,1,4,0,11,a r l n i c s t p m
winterfeed,0,6,0,11,s a e r p t d u c m
mercantile,1,5,0,15,s a n e t i d b c v p l r m
tup,0,6,0,8,a u n s m l b
xanthosiderite,0,6,0,17,s t i e a r o n c h p v m d b w
spasmatical,1,3,0,12,s t e i c o h a l m p
isocercy,0,6,0,13,a s i o n r e t m y l v
spotting,0,6,0,13,a s e i n t g h o l c m
dragging,1,4,0,11,a t l n c r e d i g
choriamb,1,5,0,14,a t r e c i n l o s b h m
deflagrate,0,6,0,13,s a n r t i e d l b p c
anchorwise,0,6,0,16,s e a n o t g r i d c h m l b
ophiolite,0,6,0,12,s a e i n t o r l u m
serventism,0,6,0,14,s e r t i h a c u o m n d
tunker,0,6,0,10,a s e r p t i o m
articulate,1,4,0,13,s a t i e n c o h r u l
penitencer,1,4,0,12,s a e r n t d g c p i
appercipient,0,6,0,14,s a t n c e l r o h i b m
itchproof,0,6,0,12,s a e c o r n u h p m
aptera,1,5,0,11,a n t i e r s c l p
cacodaemonial,0,6,0,14,s a l n t r c o m g i p u
intracity,0,6,0,12,s a n e i d g t r o h
tabet,0,6,0,9,a l n r t p c s
panting,0,6,0,11,a l n g i d k b c e
untrickable,1,3,0,15,s a l e b u n t i w c h r k
heinousness,0,6,0,13,s e n t i g a o p u m d
tamein,0,6,0,12,a l n r t e h d m o u
puzzlement,0,6,0,13,s a e r n t m c u l d b
countermanifesto,0,6,0,18,s t i e r a o n c u v d l m z g p
uniformity,0,6,0,14,s a e o n u t i r h y c d
angiomalacia,1,5,0,14,s a l n t e c i o r m d g
playground,0,6,0,15,s a t n i c e l g o d u r b
meatcutter,0,6,0,12,s a t i e r o h y u p
reascendant,1,2,0,11,s t i e r n a c g d
cogging,0,6,0,11,a s e u i n g p o b
guttering,1,5,0,13,s a e r i n g o l u m t
industrious,1,4,0,13,s t i n c a e o g d u r
unbalked,0,6,0,13,a t n l e d u c v p i g
uncuffed,0,6,0,11,a s e r n d i o u l
nonillionth,1,5,0,12,s a e c i n t o r h l
unhidable,0,6,0,14,s a l e b c r t u n i g f
macbeth,0,6,0,10,a l n t e i r g o
molassy,0,6,0,10,a t n l s p c i e
overchidden,1,5,0,15,s a e r o t l i n c d h m v
lyophilize,0,6,0,12,s a e p r o h i c t u
recreationist,1,2,0,12,s e t i n r a o d p c
needleful,0,6,0,11,s a e r n d l t m c
loiteringness,1,2,0,12,s e n d l i t r o a g
campmaster,1,3,0,12,s i e r a t l n m p c
reformingly,0,6,0,16,s a e r o m p i n t g l y c d
omnimodous,0,6,0,12,s u a o r n e t i c l
vaporiferous,0,6,0,16,s a l t n r e i o c p v u d z
subinform,0,6,0,14,s t e i n o a u r m l c d
tarsectomy,0,6,0,14,s t e i o r n u l m a p b
vacuity,0,6,0,12,a l n t e i r o u y g
thinglet,1,3,0,11,a s e r n t i g h l
unclotted,0,6,0,13,s a e r n d i t o u k g
doorweed,0,6,0,9,a s e r n p c t
unslumbrous,0,6,0,14,s e i t p c u n l r m o a
prefreshman,0,6,0,14,s e t r i p h o a l n d y
reassert,1,4,0,10,a t s c p i e n r
absenteeism,0,6,0,14,s e t p c i a h u o m n r
megalopic,0,6,0,15,s a n t l e i o c r m d p x
cocrucify,0,6,0,10,s a e c o h i n t
specialness,1,5,0,14,s e n r l t d a m c h i p
diphtheroid,0,6,0,13,s a e r i n c t o d l m
nonbodily,0,6,0,10,s a e c p i n o t
purplewort,0,6,0,13,s a e r i o p t h l n c
bequeathable,0,6,0,11,s a n r t l e d c m
mungy,0,6,0,10,a s e u n o i g r
scraggling,1,3,0,12,s t e i a n l g h c r
silicofluoric,0,6,0,14,s t e i n c o r l u p b g
marcella,1,4,0,11,a r i e s l c b p m
unnumerical,1,4,0,14,s a l c p i o t u n r m e
adenophyma,1,4,0,14,s a n e o r m d y u l p h
hypothesizer,0,6,0,15,s e t r p i c a u h n o v d
overpiteous,0,6,0,15,s a u o r e i n t m l v d h
bridewort,0,6,0,13,s a e r n o i t c p d u
guittonian,0,6,0,13,s a l n i c t p u e o q
propertied,1,3,0,11,s a e r o i n d p t
israeliteship,0,6,0,15,s t i n c a l o d e m p h u
babyfied,0,6,0,8,a n l t r c s
fratry,0,6,0,11,a r i e o t y p u c
nonthinker,0,6,0,14,s a e r o n i d t h g c v
classified,0,6,0,14,s e r c a n t i d h l v m
tornillo,1,4,0,11,a s e i c t r n o l
uncasketed,1,5,0,15,s t e r n a d u c h m p l k
melonlike,0,6,0,11,s a e r n t d i l c
frivolity,0,6,0,13,s a e c p i t o r l f j
morganatic,0,6,0,15,s a l t r i c m e o n d p b
octonarius,1,2,0,12,s u a t e c i r o m n
zaniah,0,6,0,9,a n c r t m s b
parapegma,0,6,0,10,s a l r m n t c b
dolichoprosopic,0,6,0,15,s e o n r u l i c h p m t b
pharynx,0,6,0,10,a l r e i o u h t
dosa,0,6,0,9,a p u s l c t m
hygrodeik,0,6,0,10,s a e r o c n p t
trigram,0,6,0,11,a n l r o t e i c s
helios,0,6,0,10,a s u i t c o p m
sesti,1,2,0,7,a s t i u e
suppositionally,0,6,0,16,s t i n e a l o y h c u r m b
clogmaker,0,6,0,12,s a l e t r i y o n u
gamogenetical,0,6,0,16,s a l n t i r c b p m e o v d
therapist,1,1,0,10,s e r o i p t h a
unannex,0,6,0,10,a l r n e s d t m
carboy,0,6,0,11,a l n r e i o c p t
satyagrahi,0,6,0,13,s t i e a l n r h p b c
underaverage,0,6,0,13,s a t l n r e d u c m b
xenopteri,0,6,0,14,s a e r n i t g o p m d c
bloodshedding,0,6,0,13,s t e r n a c d i p g u
academite,1,5,0,13,s a n l r m e i c d z t
apprehensibility,0,6,0,18,s t i e r h p o a n y d c l v m f
bombax,0,6,0,9,a n l r s t m i
feedy,0,6,0,10,a s e r t l d y w
sklate,0,6,0,10,a t e u p i c b r
ornithoptera,1,2,0,12,s a p r e i n c t o h
isagoge,0,6,0,9,a l r n s p t c
heterofermentative,0,6,0,16,s a t i e r o n v p m l d c g
unsleeved,1,3,0,11,s t e r n d u m l v
chevrotain,0,6,0,16,s a t n u p c o h e r i d g b
gasteromycete,0,6,0,16,s t i e r a o n m p b u y c h
hyperplasic,1,2,0,13,s e r i p h a n c o l y
greengrocery,0,6,0,11,s a e r o i n t m p
beshake,0,6,0,10,a t r l n s e p m
unguled,0,6,0,11,a s e r n d i o u m
aggregator,0,6,0,11,s a l t r e n c b m
persuaded,0,6,0,13,s e t r n i c a l d p h
cupola,0,6,0,10,a s c o h e t i r
roughness,0,6,0,13,s e a t p i c r o n u l
plemyrameter,0,6,0,13,s a t i o e r n p l d c
criminalness,0,6,0,15,s e a n t p c o h i l r d v
balanic,1,4,0,11,a t n c r l i p m b
burnishable,1,4,0,15,s e t c p i u n h o a l b r
unmindful,0,6,0,9,s a e c p i n g
sabino,0,6,0,10,a l n g e c s d t
underthane,1,3,0,12,s a t r n e i u g h d
olympicness,0,6,0,13,s e a u i t c p h m r d
catarrhal,0,6,0,12,s a n l t r m c i e d
wieldable,0,6,0,13,s a l i e b t p m d h r
outsuitor,1,4,0,11,s e a i c t r p u o
mohineyam,0,6,0,10,s a n e c t l r p
intervisit,0,6,0,13,s t e n a r i m d o l h
urotoxic,0,6,0,10,a s e i c o p n m
myelalgia,0,6,0,12,s a t l e i p c u m b
strophe,0,6,0,11,a s e t i r b c d f
ingraft,0,6,0,13,a t s p n e i g r c l u
misosophist,1,4,0,12,s t p h c u a i m e o
caumatic,1,5,0,12,a l r t i s n c b m u
unreckonable,1,5,0,16,s a l e n r t d c o h u b i k
epidermatous,1,4,0,16,s a t o u m p e h r i n v c d
shrimpfish,0,6,0,9,s e t a i c n o
keest,0,6,0,9,a s t u i r p c
eccrinology,0,6,0,12,s a e r o n l m t d u
unmiscible,1,4,0,14,s t e i m l b r p c a u n
unmoaned,0,6,0,11,a l r t n e s d i g
predestinationist,1,0,0,11,s e t i n p r a d o
cleavability,0,6,0,13,s a t i l e r o h u y n
earnings,0,6,0,13,a n o e t i g r l u h y
genal,0,6,0,9,a l s c r t u d
unjarring,0,6,0,13,s a n i g r u t c e d f
wottest,0,6,0,10,a s t p c u i e m
boryl,0,6,0,9,a s e u o r i d
rocklike,0,6,0,11,a s e i t n p c r v
fruitarianism,0,6,0,15,s e t i a p c u m l r n b o
guilelessness,0,6,0,11,s e p l m c t a u b
borstall,0,6,0,11,a t n l s y p c u m
hemitropic,1,4,0,14,s a e r o p t i n c d m h
trumph,1,5,0,12,a s e u n r m p h g t
mulattress,1,3,0,12,s e n r c t p a u m l
foamer,0,6,0,12,a r e s l p t m f b c
scientician,1,2,0,10,s t i n o a c u e
endophyllum,0,6,0,9,s a e r n t i g
shapeshifter,1,5,0,15,s t h o e i r a n l c m p f
nonbotanical,0,6,0,14,s a l t n e i o c g d f r
stenchful,0,6,0,11,s t e r n o i g a d
synentognathous,1,2,0,13,s e r n t i o u a h g y
branchiostoma,1,5,0,17,s e i a t r l n o g c h p m u b
correa,1,2,0,8,a s c o r i e
figshell,0,6,0,10,a s t e p i r n d
buffoonish,0,6,0,14,s e t i m h p n f u o q c
ooplast,0,6,0,11,a t s c u b f p h r
postfixial,0,6,0,14,s t i o a l p b r n h c d
impossibility,0,6,0,12,s i n c t e o a r l h
alalite,1,4,0,10,a n r t e s m l i
cozily,0,6,0,8,a s e u o n r
gitoxin,0,6,0,9,a s e u i n l p
organographic,1,4,0,14,s a n t p e o r h i c u g
suborganic,0,6,0,16,s t e i c o n u r a m l p b d
unattractableness,1,1,0,12,s e n i a l t r u b c
detrimentally,1,4,0,15,s a l i t e y n r c v d z m
betroth,0,6,0,10,a s e r i o d p n
chloralum,0,6,0,11,s a l i y e o p u n
neophilologist,1,5,0,16,s e t r l a i o n m u p h d g
tallote,0,6,0,11,a l i e c y o n r m
byrlawman,0,6,0,13,s a n r t c l p b e m o
ailanthic,1,2,0,10,s a n t i c r h l
prepatent,1,2,0,9,s a n t p e h r
accumulation,1,5,0,15,s a t i n r l c o h e u b m
cecidiology,0,6,0,11,s a e r n l i o m t
potamic,1,5,0,13,a t s l c r i o n p b m
unhesitatingly,0,6,0,17,s t i c n e a g r l y u d v k f
stolidity,1,5,0,13,s t i e a o r h n y l d
tenontomyoplasty,1,4,0,15,s t i e r a o n u l h m y p
sam,0,6,0,9,a l t r n m b h
animus,0,6,0,11,a l n e o i c s t d
cove,0,6,0,9,a s e p i u o m
sigmund,0,6,0,11,a s e i n t g o r l
sarmatier,1,5,0,13,s t i n a b c l r o e m
sardanapalus,0,6,0,9,s e i t h c u o
hyoid,0,6,0,8,a s e u o r l
faburden,0,6,0,11,a n r i e p t l c s
rerise,1,2,0,7,a s t e r i
nasoprognathic,1,2,0,14,s t i c e p h a r o n u g
retroreception,0,6,0,14,s a p o n e r h i t d l m
unoffendable,0,6,0,14,s a l e n t d i g o r u m
nonapparent,0,6,0,12,s a t l n r c i e b m
colalgia,0,6,0,12,a r s l e i p c o t d
oncosphere,0,6,0,13,s t e h p r i c a u m d
adiposuria,0,6,0,11,s e t i c n a o h m
musculofibrous,0,6,0,14,s e t p c a o r n u l m g
morglay,0,6,0,10,a n l r s e t c p
incompactly,1,4,0,15,s a t e i n o r u l y m c p
anastate,1,1,0,7,a t i e n s
upwind,0,6,0,10,a s e u n g t i l
unrebel,0,6,0,12,a s e r c n d l u t m
gam,0,6,0,9,a l t r n m b h
psychophysical,0,6,0,15,s t i n c o r a l u m p h e
fathomlessness,0,6,0,15,s e t o n m p c a i r h b d
bronchiectatic,0,6,0,13,s a l t e i c p u h m d
otiatrics,1,5,0,13,s a l c n t i r u p e o
litopterna,1,3,0,13,s a p h l e r i n c t o
witeless,0,6,0,12,a s e l o i t p m d h
ceratospongian,1,4,0,16,s t e r a n i h c u o d g m p
pungle,0,6,0,11,a s e u l n c d r b
osmetic,0,6,0,13,a s i n o t c e b d f g
undisintegrated,1,3,0,14,s t e n d r i a u p o c g
pronunciative,1,4,0,16,s a t i p o n c l d r e v g u
tartly,1,4,0,10,a l e y t n s c r
abatua,0,6,0,9,a n l t h r i c
playock,0,6,0,11,a l n t r c o h e i
adaw,0,6,0,8,a n r l s g t
unrightful,0,6,0,13,s a e o i n t h u l c d
overelegancy,0,6,0,14,s a l e t r n c o h i u k
beplaided,0,6,0,11,s a n t r l d p c u
denotement,0,6,0,11,s a e r n t d l i c
semipermanent,0,6,0,15,s t e n r a d l m i v c z g
diaphaneity,1,5,0,15,s a l t r n e i o h y p m d
tyronism,1,5,0,14,a s e i t h r o u c m n y
invulnerableness,0,6,0,16,s e n r i a t l g o d c u b q
glycolyl,0,6,0,8,a s e i o p n
metasedimentary,1,2,0,13,s t i e r a o n d c m y
wingseed,0,6,0,10,a s e d c l r p u
threnetical,1,3,0,13,s a l c p i o t e r n h
noncompetitively,1,5,0,17,s a e r n t i d o l y u m c v p
unimpressionability,1,3,0,18,s i n c t e a o r l h d u y m p b
ecorticate,1,4,0,12,s a t e l r i n d c o
waird,0,6,0,11,a l n r i e y d p c
angelocracy,1,5,0,15,s a n t g l e i y o r p u c
subregent,0,6,0,10,s t e m o i h c a
popshop,1,5,0,10,a s e i t m p h o
semisubterranean,0,6,0,16,s t i e r a l n h c u d m p o
mycophyte,1,4,0,13,s a e i p o h y l m t c
sturdiness,1,2,0,11,s e i t u n m l r d
liquorless,0,6,0,14,s e n r l u i t c o f d a
bowwort,0,6,0,8,a s e u i o n
oculinidae,0,6,0,12,s a l i n c t r b m p
backstone,0,6,0,14,s t e i o n r a d l c p m
omnipercipient,1,3,0,13,s a p e r i n t c u m o
bitterbark,0,6,0,12,s a t e r i o m y d c
incessably,1,1,0,11,s e c a t n l i y b
baloskion,0,6,0,13,s t e a n l i o m p c h
gummy,0,6,0,8,a s e u n r l
resinophore,0,6,0,13,s t e i n g a o r u l m
jinni,0,6,0,8,a s e u o i c
preseal,0,6,0,11,a n l s t m b o p h
cryptorrhetic,0,6,0,15,s a c o n r e i t y m d p v
dolorific,0,6,0,10,s a e c p i t o n
strumpet,1,5,0,13,a s e r i o n t y m p u
rebegin,0,6,0,10,a s e r n d l t m
trapping,0,6,0,13,a t r l n e c i g s b m
unwarpable,0,6,0,14,s a n l e t b u m g r i c
revolutionist,0,6,0,16,s e t i n r l o u a b c d f g
unconduciveness,1,3,0,13,s e n t i a g o c d u v
blunthearted,0,6,0,16,s a t i e r n p c d u h m b o
pelotherapy,1,5,0,15,s a t e r n l c p h o i u y
amiidae,0,6,0,8,a n l r t s c
sclerification,1,4,0,16,s t i n c o a h e r l d v m f
myoglobulin,0,6,0,10,s a e c i o n r p
fragmentize,0,6,0,12,s a t i n r c l d o p
interjacent,0,6,0,14,s a t e r p c u m i n d o
catoptrically,1,4,0,14,s a l i c e t o y n r u p
aphlebia,0,6,0,12,a n l i e t r c s b m
nonsaponifiable,0,6,0,16,s t i c n a l e r b m d p o v
caconym,0,6,0,11,a l n e i c t o g d
choletherapy,0,6,0,16,s a t e r l n c o b h m p i u
unlauded,0,6,0,11,a t n l r u s m b p
outraging,0,6,0,14,s a n t e i c g p u r q b
groaning,0,6,0,12,a t n e i s c p g r m
woodstone,0,6,0,12,s t e i o n r p u c m
unshapeliness,1,4,0,14,s e t r p c a n d l i u h
overboldly,0,6,0,12,s a e r o v u m b w n
entoptoscope,1,4,0,12,s e t i o n r m p h c
delft,0,6,0,9,a s e r n l o y
semioxidated,0,6,0,15,s t e a m i n r c d o l p g
hydrazide,0,6,0,9,s a n t r c l u
visitation,0,6,0,13,s t i n a o p m d h b r
trinucleate,0,6,0,14,s a t e i n g o d c h r k
polyphosphoric,1,4,0,14,s t e p h o n r i c u l y
ustilago,0,6,0,12,a t e i n c l s r b p
larithmics,0,6,0,15,s u e i c n a t r o h p m b
overeyebrowed,0,6,0,11,s a c e r o n l d t
nonparasitic,0,6,0,15,s e t i o l n c g a r d f m
ironsided,1,1,0,9,s t e r i o n d
autocratically,1,4,0,14,s a l t i e o n r y c p u
benzohydrol,0,6,0,12,s a e r i o n u l p m
tergiversant,0,6,0,15,s t i e r c h m u o a n v d
presbytia,0,6,0,13,s e p t i n c a h u o m
porencephalon,1,5,0,15,s a l i e n p h o t g d r c
mullerian,0,6,0,14,s a n i r e p c l g u q b
photoengraving,0,6,0,17,s a t i n e c g p h r l o b m d
recrescence,1,3,0,9,s e r n t d g c
copepoda,0,6,0,10,a s c i h r u o n
unphysicked,1,5,0,17,s e r n t o i c a d g h u k y p
progressive,0,6,0,12,s i n c p t a o r d l
unspayed,0,6,0,12,a l r t n e d i u b g
moxieberry,0,6,0,12,s a e r o u n i t m d
thoughtlessly,0,6,0,13,s e t i h o n r u c p a
abhorson,0,6,0,13,a n t r e i o l c s b j
antitype,0,6,0,13,a n e t y p b c d f g h
preadministrative,1,3,0,15,s t i n a r c l d o p m v e
griff,0,6,0,8,a s e u o i t
patination,1,1,0,8,s a t i n o p
nullibility,0,6,0,9,s a e c i t r o
burgall,0,6,0,9,a t r e c d n m
timekeepership,0,6,0,12,s t e i n c d a l r o
spinipetal,0,6,0,14,s t i e o r a n l c v d m
counterirritate,1,3,0,13,s a t i e c o n d l r u
xanthydrol,0,6,0,15,s a t e i o r n u l h y p c
reefer,0,6,0,9,a s e r l n d t
antitwilight,0,6,0,12,s a t i n c o l d r m
ostraciidae,1,4,0,14,s t e i a r l n c u p d o
brachyglossal,0,6,0,14,s e a t l n c o h i p y u
gozell,0,6,0,9,a s e r n l p c
molding,0,6,0,10,a s e u i n g p c
serosanguinolent,1,3,0,15,s t i c n e a r g o l h m u
pixilated,0,6,0,13,s a l t e n d c u p h r
greatish,0,6,0,14,a t e r i n c s h p u b o
duskiness,0,6,0,12,s e i n u t h m c p q
intrapsychical,1,3,0,15,s t e i a n l c h r u o p y
myrmicidae,0,6,0,12,s a l n r e i c p t u
tetraplous,1,4,0,14,s u a c r t l i e b o g p
unstateable,1,2,0,11,s t i e r n a l u b
unracked,1,5,0,14,a t n l r d u e m i c h k
jocund,0,6,0,10,a s e u n g i o h
fluoborid,0,6,0,9,s a e c p i o n
unforgiven,1,5,0,15,s a e r n i t g o c d u v f
